,Image,person,bicycle,car,motorcycle,bus,train,truck,traffic light,parking meter,bench,dog,backpack,handbag,suitcase,frisbee,skateboard,surfboard,keyboard
0,84.jpg,0,0,11,0,0,0,1,0,0,0,0,0,0,0,0,0,0,0
1,98.jpg,0,0,6,0,0,0,1,0,0,0,0,0,0,0,0,0,0,0
2,112.jpg,0,0,7,0,0,0,1,0,0,0,0,0,0,0,0,0,0,0
3,126.jpg,0,0,9,0,0,0,1,0,0,0,0,0,0,0,0,0,0,0
4,140.jpg,1,0,7,0,0,0,1,0,0,0,0,0,0,0,0,0,0,0
5,154.jpg,0,0,6,0,0,0,0,0,0,0,0,0,0,0,0,0,0,0
6,168.jpg,0,0,6,0,0,0,1,0,0,0,0,0,0,0,0,0,0,0
7,182.jpg,4,0,7,0,0,0,1,0,0,0,0,0,0,0,0,0,0,0
8,196.jpg,1,0,7,0,0,0,2,0,0,0,0,0,0,0,0,0,0,0
9,210.jpg,2,0,8,0,0,0,1,0,0,0,0,0,0,0,0,0,0,0
10,224.jpg,0,0,7,0,0,0,1,0,0,0,0,0,0,0,0,0,0,0
11,238.jpg,2,0,6,0,0,0,1,0,0,0,0,0,0,0,0,0,0,0
12,252.jpg,2,0,5,0,0,0,1,0,0,0,0,0,0,0,0,0,0,0
13,266.jpg,2,0,5,0,0,0,1,0,0,0,0,0,0,0,0,0,0,0
14,280.jpg,2,0,4,0,0,0,1,0,0,0,0,0,0,0,0,0,0,0
15,294.jpg,2,0,4,0,0,0,1,0,0,0,0,0,0,0,0,0,0,0
16,308.jpg,2,0,4,0,0,0,1,0,0,0,0,0,0,0,0,0,0,0
17,322.jpg,0,0,6,0,0,0,1,0,0,0,0,0,0,0,0,0,0,0
18,336.jpg,0,0,7,0,1,0,1,0,0,0,0,0,0,0,0,0,0,0
19,350.jpg,0,0,5,0,0,0,1,0,0,0,0,0,0,0,0,0,0,0
20,364.jpg,2,0,7,0,0,0,1,0,0,0,0,0,0,0,0,0,0,0
21,378.jpg,0,0,8,0,0,0,1,0,0,0,0,0,0,0,0,0,0,0
22,392.jpg,0,0,5,0,0,0,1,0,0,0,0,0,0,0,0,0,0,0
23,406.jpg,0,0,6,0,0,0,1,0,0,0,0,0,0,0,0,0,0,0
24,420.jpg,0,0,4,0,0,0,1,0,0,0,0,0,0,0,0,0,0,0
25,434.jpg,1,0,4,0,0,0,1,0,0,0,0,0,0,0,0,0,0,0
26,448.jpg,0,0,5,0,0,0,1,0,0,0,0,0,0,0,0,0,0,0
27,462.jpg,2,0,4,0,0,0,1,0,0,0,0,0,0,0,0,0,0,0
28,476.jpg,0,0,3,0,0,0,1,0,0,0,0,0,0,0,0,0,0,0
29,490.jpg,1,0,3,0,0,0,1,0,0,0,0,0,0,0,0,0,0,0
30,504.jpg,1,0,5,0,0,0,1,0,0,0,0,0,0,0,0,0,0,0
31,518.jpg,1,0,4,0,0,0,1,0,0,0,0,0,0,0,0,0,0,0
32,532.jpg,1,0,5,0,0,0,1,0,0,0,0,0,0,0,0,0,0,0
33,546.jpg,1,0,6,0,0,0,1,0,0,0,0,0,0,0,0,0,0,0
34,560.jpg,1,0,7,0,0,0,0,0,0,0,0,0,0,0,0,0,0,0
35,574.jpg,1,0,3,0,0,0,1,0,0,0,0,0,0,0,0,0,0,0
36,588.jpg,1,0,4,0,0,0,1,0,0,0,0,0,0,0,0,0,0,0
37,602.jpg,1,0,4,0,0,0,1,0,0,0,0,0,1,0,0,0,0,0
38,616.jpg,1,0,2,0,0,0,1,0,0,0,0,0,0,0,0,0,0,0
39,630.jpg,1,0,3,0,0,0,1,0,0,0,0,0,0,0,0,0,0,0
40,644.jpg,0,0,8,0,0,0,1,0,0,0,0,0,0,0,0,0,0,0
41,658.jpg,0,0,8,0,0,0,1,0,0,0,0,0,0,0,0,0,0,0
42,672.jpg,0,0,7,0,0,0,1,0,0,0,0,0,0,0,0,0,0,0
43,686.jpg,0,0,7,0,0,0,1,0,0,0,0,0,0,0,0,0,0,0
44,700.jpg,0,0,6,0,0,0,1,0,0,0,0,0,0,0,0,0,0,0
45,714.jpg,0,0,10,0,0,0,1,0,0,0,0,0,0,0,0,0,0,0
46,728.jpg,0,0,7,0,0,0,1,0,0,0,0,0,0,0,0,0,0,0
47,742.jpg,0,0,7,0,0,0,1,0,0,0,0,0,0,0,0,0,0,0
48,756.jpg,0,0,7,0,0,0,0,0,0,0,0,0,0,0,0,0,0,0
49,770.jpg,0,0,4,0,0,0,0,0,0,0,0,0,0,0,0,0,0,0
50,784.jpg,0,0,3,0,0,0,0,0,0,0,0,0,0,0,0,0,0,0
51,798.jpg,0,0,4,0,0,0,0,0,0,0,0,0,0,0,0,0,0,0
52,812.jpg,0,0,4,0,0,0,0,0,0,0,0,0,0,0,0,0,0,0
53,826.jpg,0,0,6,0,0,0,0,0,0,0,0,0,0,0,0,0,0,0
54,840.jpg,0,0,6,0,0,0,0,0,0,0,0,0,0,0,0,0,0,0
55,854.jpg,0,0,6,0,0,0,0,0,0,0,0,0,0,0,0,0,0,0
56,868.jpg,0,0,5,0,0,0,0,0,0,0,0,0,0,0,0,0,0,0
57,882.jpg,0,0,4,0,0,0,0,0,0,0,0,0,0,0,0,0,0,0
58,896.jpg,0,0,4,0,0,0,0,0,0,0,0,0,0,0,0,0,0,0
59,910.jpg,0,0,5,0,0,0,0,0,0,0,0,0,0,0,0,0,0,0
60,924.jpg,0,0,2,0,0,0,0,0,0,0,0,0,0,0,0,0,0,0
61,938.jpg,0,0,3,0,0,0,1,0,0,0,0,0,0,0,0,0,0,0
62,952.jpg,1,0,3,0,0,0,1,0,0,0,0,0,0,0,0,0,0,0
63,966.jpg,0,0,3,0,0,0,0,0,0,0,0,0,0,0,0,0,0,0
64,980.jpg,0,0,5,0,0,0,2,0,0,0,0,0,0,0,0,0,0,0
65,994.jpg,1,0,2,0,0,0,1,1,0,0,0,0,0,0,0,0,0,0
66,1008.jpg,0,0,2,0,0,0,1,1,0,0,0,0,0,0,0,0,0,0
67,1022.jpg,0,0,4,0,0,0,1,0,0,0,0,0,0,0,0,0,0,0
68,1036.jpg,0,0,3,0,0,0,1,0,0,0,0,0,0,0,0,0,0,0
69,1050.jpg,1,0,2,0,0,0,1,0,0,0,0,0,0,0,0,0,0,0
70,1064.jpg,1,0,2,0,0,0,1,0,0,0,0,0,0,0,0,0,0,0
71,1078.jpg,0,0,3,0,0,0,1,0,0,0,0,0,0,0,0,0,0,0
72,1092.jpg,0,0,4,0,0,0,0,0,0,0,0,0,0,0,0,0,0,0
73,1106.jpg,0,0,5,0,0,0,0,0,0,0,0,0,0,0,0,0,0,0
74,1120.jpg,0,0,5,0,0,0,0,0,0,0,0,0,0,0,0,0,0,0
75,1134.jpg,1,0,3,0,0,0,0,0,0,0,0,0,0,0,0,0,0,0
76,1148.jpg,0,0,2,0,0,0,0,0,0,0,0,0,0,0,0,0,0,0
77,1162.jpg,0,0,2,0,0,0,0,0,0,0,0,0,0,0,0,0,0,0
78,1176.jpg,2,0,2,0,0,0,1,0,0,0,0,0,0,0,0,0,0,0
79,1190.jpg,1,0,3,0,0,0,0,0,0,0,0,0,0,0,0,0,0,0
80,1204.jpg,0,0,3,0,0,0,1,0,0,0,0,0,0,0,0,0,0,0
81,1218.jpg,1,0,4,0,0,0,0,0,0,0,0,0,0,0,0,0,0,0
82,1232.jpg,0,0,5,0,0,0,0,0,0,0,0,0,0,0,0,0,0,0
83,1246.jpg,1,0,5,0,0,0,0,0,0,0,0,0,0,0,0,0,0,0
84,1260.jpg,2,0,4,0,0,0,0,0,0,0,0,0,0,0,0,0,0,0
85,1274.jpg,4,0,7,0,0,0,0,0,0,0,0,0,0,0,0,0,0,0
86,1288.jpg,3,0,7,0,0,0,0,0,0,0,0,0,0,0,0,0,0,0
87,1302.jpg,5,0,5,0,0,0,0,0,0,0,0,0,0,0,0,0,0,0
88,1316.jpg,4,0,8,0,0,0,0,0,0,0,0,0,0,0,0,0,0,0
89,1330.jpg,4,0,7,0,0,0,0,0,0,0,0,0,0,0,0,0,0,0
90,1344.jpg,3,0,9,0,0,0,0,0,0,0,0,0,0,0,0,0,0,0
91,1358.jpg,3,0,8,0,0,0,0,0,0,0,0,0,0,0,0,0,0,0
92,1372.jpg,3,0,6,0,0,0,0,0,0,0,0,0,0,0,0,0,0,0
93,1386.jpg,4,0,9,0,0,0,0,0,0,0,0,0,0,0,0,0,0,0
94,1400.jpg,4,0,8,0,0,0,0,0,0,0,0,0,0,0,0,0,0,0
95,1414.jpg,3,0,6,0,0,0,0,0,0,0,0,0,0,0,0,0,0,0
96,1428.jpg,4,0,5,0,0,0,0,0,0,0,0,0,0,0,0,0,0,0
97,1442.jpg,4,0,7,0,0,0,0,0,0,0,0,0,0,0,0,0,0,0
98,1456.jpg,4,0,5,0,0,0,0,0,0,0,0,0,0,0,0,0,0,0
99,1470.jpg,7,0,7,0,0,0,0,0,0,0,0,0,0,0,0,0,0,0
100,1484.jpg,7,0,4,0,0,0,0,0,0,0,0,0,0,0,0,0,0,0
101,1498.jpg,4,0,7,0,0,0,0,0,0,0,0,0,0,0,0,0,0,0
102,1512.jpg,3,0,8,0,0,0,0,0,0,0,0,0,0,0,0,0,0,0
103,1526.jpg,3,0,8,0,0,0,0,0,0,0,0,0,0,0,0,0,0,0
104,1540.jpg,4,0,8,0,0,0,0,0,0,0,0,0,0,0,0,0,0,0
105,1554.jpg,3,0,8,0,0,0,0,0,0,0,0,0,0,0,0,0,0,0
106,1568.jpg,0,0,10,0,0,0,0,0,0,0,0,0,0,0,0,0,0,0
107,1582.jpg,0,0,7,0,0,0,0,0,0,0,0,0,0,0,0,0,0,0
108,1596.jpg,3,0,7,0,0,0,0,0,0,0,0,0,0,0,0,0,0,0
109,1610.jpg,4,0,10,0,0,0,0,0,0,0,0,1,0,0,0,0,0,0
110,1624.jpg,6,0,5,0,0,0,0,0,0,1,0,0,0,0,0,0,0,0
111,1638.jpg,7,0,7,0,0,0,0,0,0,0,0,1,0,0,0,0,0,0
112,1652.jpg,8,0,5,0,0,0,0,0,0,0,0,2,0,0,0,0,0,0
113,1666.jpg,9,0,7,0,0,0,0,0,0,0,0,1,3,0,0,1,0,0
114,1680.jpg,8,0,6,1,0,0,0,0,0,0,0,1,2,0,0,0,0,0
115,1694.jpg,9,0,4,0,0,0,0,0,0,0,0,1,3,0,0,0,0,0
116,1708.jpg,12,0,5,0,0,0,0,0,0,0,0,2,1,0,0,1,0,0
117,1722.jpg,10,0,3,0,0,0,1,0,0,0,0,2,0,0,0,1,0,0
118,1736.jpg,7,0,5,0,0,0,0,0,0,0,0,1,1,0,0,0,0,0
119,1750.jpg,11,0,2,0,0,0,0,0,0,0,0,0,0,0,0,2,0,0
120,1764.jpg,10,0,3,0,0,0,1,0,0,0,0,0,0,0,0,0,0,0
121,1778.jpg,9,0,5,0,0,0,0,0,0,0,0,2,2,0,0,1,0,0
122,1792.jpg,13,0,3,0,0,0,0,0,0,0,0,0,0,0,0,1,0,0
123,1806.jpg,12,0,3,0,0,0,0,0,0,0,0,1,2,0,0,0,0,0
124,1820.jpg,14,0,4,0,0,0,0,0,0,0,0,3,1,0,0,2,0,0
125,1834.jpg,11,0,6,0,0,0,0,0,0,0,0,1,0,0,0,2,0,0
126,1848.jpg,8,0,4,0,0,0,0,0,0,0,0,0,0,0,0,0,0,0
127,1862.jpg,9,0,4,0,0,0,0,0,0,0,0,0,0,0,0,0,0,0
128,1876.jpg,10,0,3,0,0,0,0,0,0,0,0,0,0,0,0,0,0,0
129,1890.jpg,7,0,7,0,0,0,0,0,0,0,0,0,0,0,0,0,0,0
130,1904.jpg,10,0,7,0,0,0,0,0,0,0,0,0,0,0,0,2,0,0
131,1918.jpg,9,0,6,0,0,0,0,0,0,0,0,0,0,0,0,0,0,0
132,1932.jpg,10,0,9,0,0,0,0,0,0,0,0,1,1,0,0,2,0,0
133,1946.jpg,9,0,6,0,0,0,0,0,0,0,0,2,1,0,0,0,0,0
134,1960.jpg,7,0,5,0,0,0,0,0,0,0,0,0,0,0,0,0,0,0
135,1974.jpg,7,0,8,0,0,0,0,0,0,0,0,1,0,0,0,1,0,0
136,1988.jpg,8,0,8,0,0,0,1,0,0,0,0,0,0,0,0,0,0,0
137,2002.jpg,6,0,5,0,0,0,0,0,0,0,0,0,0,0,0,0,0,0
138,2016.jpg,6,0,5,0,0,0,0,0,0,0,0,0,0,0,0,0,0,0
139,2030.jpg,4,0,7,0,0,0,0,0,0,0,0,0,0,0,0,0,0,0
140,2044.jpg,7,0,6,0,0,0,0,0,0,0,0,0,0,0,0,0,0,0
141,2058.jpg,4,0,8,0,0,0,0,0,0,0,0,0,0,0,0,0,0,0
142,2072.jpg,5,0,4,0,0,0,0,0,0,0,0,0,0,0,0,0,0,0
143,2086.jpg,4,0,5,0,0,0,0,0,0,0,0,0,0,0,0,0,0,0
144,2100.jpg,4,0,5,0,0,0,0,0,0,0,0,0,0,0,0,0,0,0
145,2114.jpg,5,0,4,0,0,0,0,0,0,0,0,0,0,0,0,0,0,0
146,2128.jpg,6,0,2,0,0,0,0,0,0,0,0,0,0,0,0,1,0,0
147,2142.jpg,4,0,5,1,0,0,0,0,0,0,0,0,0,0,0,0,0,0
148,2156.jpg,1,0,5,0,0,0,0,0,0,0,0,0,0,0,0,0,0,0
149,2170.jpg,0,0,7,0,0,0,0,0,0,0,0,0,0,0,0,0,0,0
150,2184.jpg,0,0,6,0,0,0,0,0,0,0,0,0,0,0,0,0,0,0
151,2198.jpg,0,0,2,0,0,0,0,0,0,0,0,0,0,0,0,0,0,0
152,2212.jpg,0,0,4,0,0,0,0,0,0,0,0,0,0,0,0,0,0,0
153,2226.jpg,1,0,1,0,0,0,0,0,0,0,0,0,0,0,0,0,0,0
154,2240.jpg,2,0,3,0,0,0,0,0,0,0,0,0,0,0,0,0,0,0
155,2254.jpg,1,0,3,0,0,0,0,0,0,0,0,0,0,0,0,0,0,0
156,2268.jpg,1,0,5,0,0,0,0,0,0,0,0,0,0,0,0,0,0,0
157,2282.jpg,2,0,5,0,0,0,0,0,0,0,0,0,0,0,0,0,0,0
158,2296.jpg,2,0,4,0,0,0,0,0,0,0,0,0,0,0,0,0,0,0
159,2310.jpg,4,0,4,0,0,0,0,0,0,0,0,0,0,0,0,0,0,0
160,2324.jpg,3,0,3,0,0,0,1,0,0,0,0,0,0,0,0,0,0,0
161,2338.jpg,2,0,3,0,0,0,0,0,0,0,0,0,0,0,0,0,0,0
162,2352.jpg,3,0,3,0,0,0,1,0,0,0,0,0,0,0,0,0,0,0
163,2366.jpg,2,0,1,0,0,0,1,0,0,0,0,0,0,0,0,0,0,0
164,2380.jpg,2,0,1,0,0,0,1,0,0,0,0,0,0,0,0,0,0,0
165,2394.jpg,6,0,3,0,0,0,1,0,0,0,0,0,0,0,0,0,0,0
166,2408.jpg,5,0,3,0,0,0,1,0,0,0,0,0,0,0,0,0,0,0
167,2422.jpg,6,0,3,0,1,0,1,0,0,0,0,0,0,0,0,0,0,0
168,2436.jpg,7,0,5,0,0,0,1,0,0,0,0,0,0,0,0,0,0,0
169,2450.jpg,4,0,4,0,1,0,0,0,0,0,0,0,0,0,0,0,0,0
170,2464.jpg,5,0,10,0,1,0,0,0,0,0,0,0,0,0,0,0,0,0
171,2478.jpg,5,0,10,0,0,0,1,0,0,0,0,0,0,0,0,0,0,0
172,2492.jpg,5,0,5,0,1,0,0,0,0,0,0,0,0,0,0,0,0,0
173,2506.jpg,6,0,5,0,1,0,1,0,0,0,0,0,0,0,0,2,0,0
174,2520.jpg,6,0,4,0,1,0,0,0,0,0,0,0,0,0,0,0,0,0
175,2534.jpg,7,0,4,0,1,0,0,0,0,0,0,0,0,0,0,0,0,0
176,2548.jpg,7,0,5,0,1,0,0,0,0,0,0,1,0,0,0,0,0,0
177,2562.jpg,5,0,3,0,1,0,1,0,0,0,0,1,1,0,0,1,0,0
178,2576.jpg,6,0,5,0,0,0,1,0,0,0,0,0,1,0,0,0,0,0
179,2590.jpg,5,0,5,0,1,0,1,0,0,0,0,0,0,0,0,0,0,0
180,2604.jpg,2,0,8,0,1,0,1,0,0,0,0,0,1,0,0,0,0,0
181,2618.jpg,2,0,4,0,1,0,1,0,0,0,0,0,0,0,0,0,0,0
182,2632.jpg,0,0,6,0,1,0,1,0,0,0,0,0,0,0,0,0,0,0
183,2646.jpg,0,0,4,0,1,0,0,0,0,0,0,0,0,0,0,0,0,0
184,2660.jpg,0,0,4,0,1,0,0,0,0,0,0,0,0,0,0,0,0,0
185,2674.jpg,0,0,3,0,1,0,1,0,0,0,0,0,0,0,0,0,0,0
186,2688.jpg,0,0,3,0,1,0,1,0,0,0,0,0,0,0,0,0,0,0
187,2702.jpg,0,0,5,0,1,0,0,0,0,0,0,0,0,0,0,0,0,0
188,2716.jpg,1,0,4,0,1,0,1,0,0,0,0,0,0,0,0,0,0,0
189,2730.jpg,1,0,4,0,1,0,0,0,0,0,0,0,0,0,0,0,0,0
190,2744.jpg,1,0,7,0,1,0,1,0,0,0,0,0,0,0,0,0,0,0
191,2758.jpg,0,0,5,0,1,0,0,0,0,0,0,0,0,0,0,0,0,0
192,2772.jpg,0,0,4,0,1,0,0,0,0,0,0,0,0,0,0,0,0,0
193,2786.jpg,0,0,9,0,1,0,0,0,0,0,0,0,0,0,0,0,0,0
194,2800.jpg,0,0,4,0,1,0,0,0,0,0,0,0,0,0,0,0,0,0
195,2814.jpg,0,0,6,0,1,0,0,0,0,0,0,0,0,0,0,0,0,0
196,2828.jpg,1,0,3,0,1,0,1,0,0,0,0,0,0,0,0,0,0,0
197,2842.jpg,2,0,6,0,1,0,0,0,0,0,0,0,0,0,0,0,0,0
198,2856.jpg,2,0,7,0,1,0,0,0,0,0,0,0,0,0,0,0,0,0
199,2870.jpg,3,0,7,0,1,0,0,0,0,0,0,0,0,0,0,0,0,0
200,2884.jpg,2,0,6,0,1,0,1,0,0,0,0,0,0,0,0,0,0,0
201,2898.jpg,2,0,7,0,1,0,1,0,0,0,0,0,0,0,0,0,0,0
202,2912.jpg,2,0,5,0,1,0,0,0,0,0,0,0,0,0,0,0,0,0
203,2926.jpg,2,0,6,0,1,0,0,0,0,0,0,0,0,0,0,0,0,0
204,2940.jpg,2,0,4,0,1,0,0,0,0,0,0,0,0,0,0,0,0,0
205,2954.jpg,3,0,5,0,1,0,0,0,0,0,0,0,0,0,0,0,0,0
206,2968.jpg,2,0,5,0,1,0,0,0,0,0,0,0,0,0,0,0,0,0
207,2982.jpg,2,0,3,0,1,0,0,0,0,0,0,0,0,0,0,1,0,0
208,2996.jpg,3,0,4,0,1,0,0,0,0,0,0,0,0,0,0,1,0,0
209,3010.jpg,2,0,5,0,1,0,0,0,0,0,0,0,0,0,0,0,0,0
210,3024.jpg,1,0,4,1,1,0,1,0,0,0,0,0,0,0,0,0,0,0
211,3038.jpg,1,0,4,1,1,0,1,0,0,0,0,0,0,0,0,0,0,0
212,3052.jpg,1,0,6,1,1,0,1,0,0,0,0,0,0,0,0,0,0,0
213,3066.jpg,0,0,4,1,1,0,0,0,0,0,0,0,0,0,0,0,0,0
214,3080.jpg,0,0,5,0,1,0,1,0,0,0,0,0,0,0,0,0,0,0
215,3094.jpg,1,0,4,0,1,0,1,0,0,0,0,0,0,0,0,0,0,0
216,3108.jpg,0,0,3,0,1,0,1,0,0,0,0,0,0,0,0,0,0,0
217,3122.jpg,0,0,5,0,0,0,1,0,0,0,0,0,0,0,0,0,0,0
218,3136.jpg,1,0,5,0,1,0,0,0,0,0,0,0,0,0,0,0,0,0
219,3150.jpg,0,0,6,0,1,0,1,0,0,0,0,0,0,0,0,0,0,0
220,3164.jpg,0,0,12,0,0,0,1,0,0,0,0,0,0,0,0,0,0,0
221,3178.jpg,1,0,6,0,0,0,1,0,0,0,0,0,0,0,0,0,0,0
222,3192.jpg,1,0,6,0,0,0,1,0,0,0,0,0,0,0,0,0,0,0
223,3206.jpg,1,0,4,0,1,0,1,0,0,0,0,0,0,0,0,0,0,0
224,3220.jpg,1,0,5,0,1,0,1,0,0,0,0,0,0,0,0,0,0,0
225,3234.jpg,1,0,3,0,1,0,1,0,0,0,0,0,0,0,0,0,0,0
226,3248.jpg,2,0,6,0,1,0,1,0,0,0,0,0,0,0,0,1,0,0
227,3262.jpg,2,0,5,0,1,0,1,0,0,0,0,0,0,0,0,0,0,0
228,3276.jpg,1,0,4,0,1,0,0,0,0,0,0,0,1,0,0,0,0,0
229,3290.jpg,1,0,11,0,1,0,1,0,0,0,0,0,0,0,0,0,0,0
230,3304.jpg,1,0,7,0,1,0,1,0,0,0,0,0,0,0,0,0,0,0
231,3318.jpg,1,0,5,0,0,0,0,0,0,0,0,0,1,0,0,0,0,0
232,3332.jpg,1,0,6,0,0,0,1,0,0,0,0,0,0,0,0,0,0,0
233,3346.jpg,0,0,7,0,0,0,0,0,0,0,0,0,0,0,0,0,0,0
234,3360.jpg,1,0,4,0,0,0,0,0,0,0,0,0,0,0,0,0,0,0
235,3374.jpg,1,0,5,0,0,0,0,0,0,0,0,0,0,0,0,0,0,0
236,3388.jpg,1,0,6,0,0,0,0,0,0,0,0,0,0,0,0,0,0,0
237,3402.jpg,1,0,6,0,0,0,0,0,0,0,0,0,0,0,0,0,0,0
238,3416.jpg,1,0,4,0,0,0,0,0,0,1,0,0,0,0,0,0,0,0
239,3430.jpg,1,0,4,0,0,0,0,0,0,0,0,0,0,0,0,0,0,0
240,3444.jpg,1,0,3,0,0,0,1,0,0,0,0,0,0,0,0,0,0,0
241,3458.jpg,1,0,6,0,0,0,0,0,0,0,0,0,0,0,0,0,0,0
242,3472.jpg,1,0,5,0,0,0,1,0,0,0,0,0,0,0,0,0,0,0
243,3486.jpg,1,0,6,0,0,0,0,0,0,0,0,0,0,0,0,0,0,0
244,3500.jpg,1,0,4,0,0,0,0,0,0,0,0,0,0,0,0,0,0,0
245,3514.jpg,1,0,3,0,0,0,0,0,0,0,0,0,0,0,0,0,0,0
246,3528.jpg,1,0,5,0,0,0,0,0,0,0,0,0,0,0,0,0,0,0
247,3542.jpg,1,0,5,0,0,0,0,0,0,0,0,0,0,0,0,0,0,0
248,3556.jpg,1,0,5,0,0,0,0,0,0,0,0,0,0,0,0,0,0,0
249,3570.jpg,1,0,3,0,0,0,0,0,0,0,0,0,0,0,0,0,0,0
250,3584.jpg,1,0,3,0,0,0,0,0,0,0,0,0,0,0,0,0,0,0
251,3598.jpg,2,0,1,0,0,0,1,0,0,0,0,0,0,0,0,0,0,0
252,3612.jpg,1,0,1,0,0,0,1,0,0,0,0,0,0,0,0,1,0,0
253,3626.jpg,1,0,2,0,0,0,1,0,0,0,0,0,0,0,1,0,0,0
254,3640.jpg,2,0,2,0,0,0,1,0,0,0,0,0,0,0,0,0,1,0
255,3654.jpg,1,0,2,0,0,0,1,0,0,0,0,0,0,0,0,0,0,0
256,3668.jpg,1,0,2,0,0,0,1,0,0,0,0,0,0,0,0,0,0,0
257,3682.jpg,1,0,3,0,0,0,1,0,0,2,0,0,0,0,0,0,0,0
258,3696.jpg,2,0,3,0,0,0,1,0,0,0,0,0,0,0,0,0,0,0
259,3710.jpg,0,0,4,0,0,0,0,0,0,0,0,0,0,0,0,0,0,0
260,3724.jpg,0,0,5,0,0,0,0,0,0,1,0,0,0,0,0,0,0,0
261,3738.jpg,0,0,9,0,0,0,0,0,0,0,0,0,0,0,0,0,0,0
262,3752.jpg,0,0,12,0,0,0,0,0,0,0,0,0,0,0,0,0,0,0
263,3766.jpg,0,0,7,0,0,0,0,0,0,0,0,0,0,0,0,0,0,0
264,3780.jpg,0,0,7,0,0,0,0,0,0,0,0,0,0,0,0,0,0,0
265,3794.jpg,0,0,4,0,0,0,0,0,0,0,0,0,0,0,0,0,0,0
266,3808.jpg,0,0,4,0,0,0,0,0,0,0,0,0,0,0,0,0,0,0
267,3822.jpg,0,0,5,0,0,0,0,0,0,0,0,0,0,0,0,0,0,0
268,3836.jpg,0,0,6,0,0,0,0,0,0,0,0,0,0,0,0,0,0,0
269,3850.jpg,0,0,5,0,0,0,0,0,0,0,0,0,0,0,0,0,0,0
270,3864.jpg,0,0,4,0,0,0,0,0,0,0,0,0,0,0,0,0,0,0
271,3878.jpg,0,0,9,0,0,0,0,0,0,0,0,0,0,0,0,0,0,0
272,3892.jpg,0,0,6,0,0,0,0,0,0,0,0,0,0,0,0,0,0,0
273,3906.jpg,0,0,6,0,0,0,0,0,0,0,0,0,0,0,0,0,0,0
274,3920.jpg,0,0,5,0,0,0,0,0,0,0,0,0,0,0,0,0,0,0
275,3934.jpg,0,0,6,0,0,0,0,0,0,0,0,0,0,0,0,0,0,0
276,3948.jpg,1,0,6,0,0,0,0,0,0,0,0,0,0,0,0,0,0,0
277,3962.jpg,0,0,5,0,0,0,0,0,0,0,0,0,0,0,0,0,0,0
278,3976.jpg,1,0,5,0,0,0,0,0,0,0,0,0,0,0,0,0,0,0
279,3990.jpg,0,0,8,0,0,0,0,0,0,0,0,0,0,0,0,0,0,0
280,4004.jpg,0,0,6,0,0,0,0,0,0,0,0,0,0,0,0,0,0,0
281,4018.jpg,1,0,10,0,0,0,0,0,0,0,0,0,0,0,0,0,0,0
282,4032.jpg,2,0,8,0,0,0,0,0,0,0,0,0,0,0,0,1,0,0
283,4046.jpg,1,0,7,0,0,0,0,0,0,0,0,0,0,0,0,1,0,0
284,4060.jpg,1,0,7,0,0,0,0,0,0,0,0,0,0,1,0,1,0,0
285,4074.jpg,4,0,7,0,0,0,0,0,0,0,0,0,1,0,0,0,0,0
286,4088.jpg,4,0,7,0,0,0,0,0,0,0,0,2,1,1,0,0,0,1
287,4102.jpg,3,0,6,0,0,0,0,0,0,0,0,1,1,0,0,0,0,0
288,4116.jpg,4,0,5,0,0,0,0,0,0,0,0,0,0,0,0,0,0,0
289,4130.jpg,4,0,5,0,0,0,0,0,0,0,0,0,0,0,0,0,0,0
290,4144.jpg,5,0,5,0,0,0,0,0,0,0,0,0,0,0,0,0,0,0
291,4158.jpg,3,0,6,0,0,0,0,0,0,1,0,0,0,0,0,0,0,0
292,4172.jpg,4,0,6,0,0,0,0,0,0,1,0,0,0,0,0,0,0,0
293,4186.jpg,3,0,3,0,0,0,0,0,0,0,0,0,0,0,0,0,0,0
294,4200.jpg,3,0,5,0,0,0,0,0,1,0,0,0,0,0,0,0,0,0
295,4214.jpg,8,0,4,0,0,0,0,0,0,0,0,0,0,0,0,0,0,0
296,4228.jpg,3,0,5,0,0,0,0,0,0,0,0,0,0,0,0,1,0,0
297,4242.jpg,4,0,6,0,0,0,0,0,0,0,0,0,0,0,0,0,0,0
298,4256.jpg,3,0,4,0,0,0,0,0,0,0,0,0,0,0,0,1,0,0
299,4270.jpg,3,0,6,0,0,0,0,0,0,0,0,0,0,0,0,0,0,0
300,4284.jpg,1,0,9,0,0,0,0,0,0,0,0,0,0,0,0,0,0,0
301,4298.jpg,1,0,6,0,0,0,0,0,0,0,0,0,0,0,0,2,0,0
302,4312.jpg,2,0,9,0,0,0,0,0,0,0,0,0,0,0,0,1,0,0
303,4326.jpg,4,0,6,0,0,0,0,0,0,0,0,0,0,0,0,0,0,0
304,4340.jpg,6,0,4,0,0,0,0,0,0,0,0,0,0,0,0,0,0,0
305,4354.jpg,5,0,4,0,0,0,0,0,0,0,0,0,0,0,0,3,0,0
306,4368.jpg,6,0,5,0,0,0,0,0,0,0,0,0,0,0,0,0,0,0
307,4382.jpg,4,0,4,0,0,0,0,0,0,0,0,0,0,0,0,3,0,0
308,4396.jpg,4,0,6,0,0,0,0,0,0,0,0,0,0,0,0,0,0,0
309,4410.jpg,7,0,3,0,0,0,0,0,0,0,0,0,0,0,0,0,0,0
310,4424.jpg,6,0,5,0,0,0,0,0,0,0,0,0,0,0,0,2,0,0
311,4438.jpg,6,0,5,0,0,0,0,0,0,0,0,0,0,0,0,0,0,0
312,4452.jpg,11,0,4,0,0,0,0,0,0,0,0,0,0,0,0,1,0,0
313,4466.jpg,6,0,8,0,0,0,0,0,0,0,0,0,0,0,0,0,0,0
314,4480.jpg,4,0,5,0,0,0,0,0,0,0,0,0,0,0,0,0,0,0
315,4494.jpg,4,0,6,0,0,0,0,0,0,0,0,0,0,0,0,0,0,0
316,4508.jpg,3,0,6,0,0,0,0,0,0,0,0,0,0,0,0,3,0,0
317,4536.jpg,4,0,4,0,0,0,0,0,0,0,0,0,0,0,0,0,0,0
318,4550.jpg,3,0,4,0,0,0,0,0,0,0,0,0,0,0,0,1,0,0
319,4564.jpg,4,0,5,0,0,0,0,0,0,0,0,0,0,0,0,1,0,0
320,4578.jpg,4,0,8,0,0,0,0,0,0,0,0,0,0,0,0,3,0,0
321,4592.jpg,3,0,8,0,0,0,0,0,0,0,0,0,0,0,0,0,0,0
322,4606.jpg,1,0,3,0,0,0,0,0,0,0,0,0,0,0,0,0,0,0
323,4620.jpg,3,0,4,0,0,0,0,0,0,0,0,0,0,0,0,0,0,0
324,4634.jpg,2,0,3,0,0,0,0,0,0,0,0,0,0,0,0,0,0,0
325,4648.jpg,3,0,3,0,0,0,0,0,0,0,0,0,0,0,0,0,0,0
326,4662.jpg,2,0,7,0,0,0,0,0,0,0,0,0,0,0,0,1,0,0
327,4676.jpg,3,0,6,0,0,0,0,0,0,0,0,0,0,0,0,0,0,0
328,4690.jpg,2,0,5,0,0,0,0,0,0,0,0,0,0,0,0,0,0,0
329,4704.jpg,2,0,6,0,0,0,0,0,0,0,0,0,0,0,0,0,0,0
330,4718.jpg,2,0,4,0,0,0,0,0,0,0,0,0,0,0,0,0,0,0
331,4732.jpg,1,0,5,0,0,0,0,0,0,0,0,0,0,0,0,0,0,0
332,4746.jpg,1,0,5,0,0,0,0,0,0,0,0,0,0,0,0,0,0,0
333,4760.jpg,1,0,7,0,0,0,0,0,0,0,0,0,0,0,0,0,0,0
334,4774.jpg,1,0,5,0,0,0,0,0,0,0,0,0,0,0,0,0,0,0
335,4788.jpg,1,0,5,0,0,0,0,0,0,0,0,0,0,0,0,0,0,0
336,4802.jpg,0,0,3,0,0,0,0,0,0,0,0,0,0,0,0,0,0,0
337,4816.jpg,1,0,5,0,0,0,1,0,0,0,0,0,0,0,0,0,0,0
338,4830.jpg,0,0,4,0,0,0,1,0,0,0,0,0,0,0,0,0,0,0
339,4844.jpg,1,0,3,0,0,0,0,0,0,0,0,0,0,0,0,0,0,0
340,4858.jpg,2,0,5,0,0,0,0,0,0,0,0,0,0,0,0,0,0,0
341,4872.jpg,0,0,5,0,0,0,0,0,0,0,0,0,0,0,0,0,0,0
342,4886.jpg,1,0,3,0,0,0,1,0,0,0,0,0,0,0,0,0,0,0
343,4900.jpg,1,0,5,0,0,0,1,0,0,0,0,0,0,0,0,0,0,0
344,4914.jpg,1,0,4,0,0,0,0,0,0,0,0,0,0,0,0,0,0,0
345,4928.jpg,2,0,5,0,0,0,0,0,0,0,0,0,0,0,0,0,0,0
346,4942.jpg,2,0,5,0,0,0,0,0,0,0,0,0,0,0,0,0,0,0
347,4956.jpg,1,0,4,0,0,0,0,0,0,0,0,0,0,0,0,0,0,0
348,4970.jpg,2,0,3,0,0,0,0,0,0,0,0,0,0,0,0,0,0,0
349,4984.jpg,3,0,3,0,0,0,0,0,0,0,0,0,0,0,0,0,0,0
350,4998.jpg,3,0,3,0,0,0,0,0,0,0,0,0,0,0,0,0,0,0
351,5012.jpg,3,0,6,0,0,0,0,0,0,0,0,0,0,0,0,0,0,0
352,5026.jpg,0,0,2,0,0,0,0,0,0,0,0,0,0,0,0,0,0,0
353,5040.jpg,0,0,6,0,0,0,0,0,0,0,0,0,0,0,0,0,0,0
354,5054.jpg,1,0,4,0,0,0,0,0,0,0,0,0,0,0,0,0,0,0
355,5068.jpg,0,0,5,0,0,0,0,0,0,0,0,0,0,0,0,0,0,0
356,5082.jpg,0,0,2,0,0,0,0,0,0,0,0,0,0,0,0,0,0,0
357,5096.jpg,0,0,3,0,0,0,0,0,0,0,0,0,0,0,0,0,0,0
358,5110.jpg,0,0,4,0,0,0,0,0,0,0,0,0,0,0,0,0,0,0
359,5124.jpg,0,0,3,0,0,0,0,0,0,0,0,0,0,0,0,0,0,0
360,5138.jpg,0,0,3,0,0,0,0,0,0,0,0,0,0,0,0,0,0,0
361,5152.jpg,0,0,4,0,0,0,0,0,0,0,0,0,0,0,0,0,0,0
362,5166.jpg,0,0,4,0,0,0,0,0,0,0,0,0,0,0,0,0,0,0
363,5180.jpg,0,0,4,0,0,0,0,0,0,0,0,0,0,0,0,0,0,0
364,5194.jpg,0,0,2,0,0,0,0,0,0,0,0,0,0,0,0,0,0,0
365,5208.jpg,0,0,5,0,0,0,0,0,0,0,0,0,0,0,0,0,0,0
366,5222.jpg,1,0,3,0,0,0,0,0,0,0,0,0,0,0,0,0,0,0
367,5236.jpg,0,0,3,0,0,0,0,0,0,0,0,0,0,0,0,0,0,0
368,5250.jpg,2,0,5,0,0,0,0,0,0,0,0,0,0,0,0,0,0,0
369,5264.jpg,0,0,5,0,0,0,0,0,0,0,0,0,0,0,0,0,0,0
370,5278.jpg,2,0,3,0,0,0,0,0,0,0,0,0,0,0,0,0,0,0
371,5292.jpg,2,0,8,0,0,0,0,0,0,0,0,0,0,0,0,0,0,0
372,5306.jpg,1,0,7,0,0,0,0,0,0,0,0,0,0,0,0,0,0,0
373,5320.jpg,1,0,6,0,0,0,0,0,0,0,0,0,0,0,0,0,0,0
374,5334.jpg,1,0,6,0,0,0,0,0,0,0,0,0,0,0,0,0,0,0
375,5348.jpg,3,0,5,0,0,0,0,0,0,0,0,0,0,0,0,0,0,0
376,5362.jpg,5,0,7,0,0,0,0,0,0,0,0,0,0,0,0,0,0,0
377,5376.jpg,3,0,6,0,0,0,0,0,0,0,0,0,0,0,0,0,0,0
378,5390.jpg,3,0,5,0,0,0,0,0,0,0,0,0,0,0,0,0,0,0
379,5404.jpg,2,0,3,0,0,0,0,0,0,0,0,0,0,0,0,0,0,0
380,5418.jpg,3,0,5,0,0,0,0,0,0,0,0,0,0,0,0,0,0,0
381,5432.jpg,3,0,5,0,0,0,0,0,0,0,0,0,0,0,0,0,0,0
382,5446.jpg,2,0,3,0,0,0,0,0,0,0,0,0,0,0,0,0,0,0
383,5460.jpg,1,0,6,0,0,0,0,0,0,0,0,0,0,0,0,0,0,0
384,5474.jpg,0,0,3,0,1,0,0,0,0,0,0,0,0,0,0,0,0,0
385,5488.jpg,1,0,1,0,1,0,0,0,0,0,0,0,0,0,0,0,0,0
386,5502.jpg,3,0,0,0,0,1,0,0,0,0,0,0,0,0,0,0,0,0
387,5516.jpg,1,0,0,0,1,0,0,0,0,0,0,0,0,0,0,0,0,0
388,5530.jpg,0,0,0,0,1,0,0,0,0,0,0,0,0,0,0,0,0,0
389,5544.jpg,2,0,0,0,0,0,1,0,0,0,0,0,0,0,0,1,0,0
390,5558.jpg,2,0,0,0,1,0,1,0,0,0,0,0,0,0,0,0,0,0
391,5572.jpg,2,0,3,0,1,0,1,0,0,0,0,1,0,0,0,0,0,0
392,5586.jpg,3,0,3,0,0,0,0,0,0,0,0,0,0,0,0,0,0,0
393,5600.jpg,3,0,3,0,1,0,1,0,0,0,0,1,0,0,0,0,0,0
394,5614.jpg,2,0,3,0,1,0,0,0,0,0,0,0,0,0,0,0,0,0
395,5628.jpg,2,0,2,0,1,0,0,0,0,0,0,0,0,0,0,0,0,0
396,5642.jpg,3,0,3,0,1,0,0,0,0,0,0,0,0,0,0,0,0,0
397,5656.jpg,1,0,4,0,0,0,1,0,0,0,0,0,0,0,0,0,0,0
398,5670.jpg,0,0,3,0,0,0,1,0,0,0,0,0,0,0,0,0,0,0
399,5684.jpg,0,0,6,0,1,0,0,0,0,0,0,0,0,0,0,0,0,0
400,5698.jpg,0,0,5,0,0,0,2,0,0,0,0,0,0,0,0,0,0,0
401,5712.jpg,0,0,6,0,0,0,0,0,0,0,0,0,0,0,0,0,0,0
402,5726.jpg,0,0,4,0,0,0,0,0,0,0,0,0,0,0,0,0,0,0
403,5740.jpg,0,0,5,0,0,0,0,0,0,0,0,0,0,0,0,0,0,0
404,5754.jpg,0,0,4,0,0,0,0,0,0,0,0,0,0,0,0,0,0,0
405,5768.jpg,0,0,4,0,0,0,0,0,0,0,0,0,0,0,0,0,0,0
406,5782.jpg,0,0,3,0,0,0,0,0,0,0,0,0,0,0,0,0,0,0
407,5796.jpg,3,0,4,0,0,0,0,0,0,0,0,0,0,0,0,0,0,0
408,5810.jpg,1,0,7,0,0,0,0,0,0,0,0,0,0,0,0,0,0,0
409,5824.jpg,1,0,7,0,0,0,0,0,0,0,0,0,0,0,0,0,0,0
410,5838.jpg,2,0,3,0,0,0,0,0,0,0,0,0,0,0,0,0,0,0
411,5852.jpg,1,0,4,0,0,0,0,0,0,0,0,0,0,0,0,0,0,0
412,5866.jpg,2,0,8,0,0,0,0,0,0,0,0,0,0,0,0,0,0,0
413,5880.jpg,2,0,4,0,0,0,0,0,0,0,0,0,0,0,0,0,0,0
414,5894.jpg,3,0,7,0,0,0,0,0,0,0,0,0,0,0,0,1,0,0
415,5908.jpg,3,0,7,0,0,0,0,0,0,0,0,0,0,0,0,1,0,0
416,5922.jpg,3,0,7,0,0,0,0,0,0,0,0,0,0,0,0,2,0,0
417,5936.jpg,2,0,9,0,0,0,0,0,0,0,0,0,0,0,0,0,0,0
418,5950.jpg,2,0,5,0,0,0,0,0,0,0,0,0,0,0,0,0,0,0
419,5964.jpg,2,0,2,0,0,0,0,0,0,0,0,0,0,0,0,0,0,0
420,5978.jpg,2,0,3,0,0,0,1,0,0,0,0,0,0,0,0,0,0,0
421,5992.jpg,2,0,5,0,0,0,2,0,0,0,0,0,0,0,0,0,0,0
422,6006.jpg,2,0,3,0,0,0,1,0,0,0,0,0,0,0,0,0,0,0
423,6020.jpg,3,0,6,0,0,0,1,0,0,0,0,0,0,0,0,0,0,0
424,6034.jpg,2,0,3,0,0,0,1,0,0,0,0,0,0,0,0,1,0,0
425,6048.jpg,1,0,2,0,0,0,0,0,0,0,0,0,0,0,0,0,0,0
426,6062.jpg,0,0,2,0,0,0,0,0,0,0,0,0,0,0,0,0,0,0
427,6076.jpg,0,0,3,0,0,0,1,0,0,0,0,0,0,0,0,0,0,0
428,6090.jpg,1,0,1,0,0,0,1,0,0,0,0,0,0,0,0,2,0,0
429,6104.jpg,2,0,3,0,0,0,1,0,0,0,0,0,0,0,0,0,0,0
430,6118.jpg,1,0,3,0,0,0,1,0,0,0,0,0,0,0,0,0,0,0
431,6132.jpg,2,0,2,0,0,0,1,0,0,0,0,0,0,0,0,0,0,0
432,6146.jpg,1,0,0,0,0,0,1,0,0,0,0,0,0,0,0,0,0,0
433,6160.jpg,1,0,1,0,0,0,1,0,0,0,0,0,0,0,0,0,0,0
434,6174.jpg,1,0,0,0,0,0,1,0,0,0,0,0,0,0,0,0,0,0
435,6188.jpg,2,0,0,0,0,0,0,0,0,0,0,0,0,0,0,0,0,0
436,6202.jpg,2,0,1,0,0,0,0,0,0,0,0,0,0,0,0,0,0,0
437,6216.jpg,1,0,2,0,0,0,0,0,0,0,0,0,0,0,0,0,0,0
438,6230.jpg,2,0,2,0,0,0,0,0,0,0,0,0,0,0,0,0,0,0
439,6244.jpg,3,0,2,0,0,0,0,0,0,0,0,0,0,0,0,0,0,0
440,6258.jpg,2,0,3,0,0,0,0,0,0,0,0,0,0,0,0,1,0,0
441,6272.jpg,2,0,2,0,0,0,0,0,0,0,0,0,0,0,0,0,0,0
442,6286.jpg,2,0,3,0,0,0,0,0,0,0,0,0,0,0,0,0,0,0
443,6300.jpg,2,0,2,0,0,0,0,0,0,0,0,0,0,0,0,0,0,0
444,6314.jpg,1,0,2,0,0,0,0,0,0,0,0,0,0,0,0,0,0,0
445,6328.jpg,1,0,2,0,0,0,0,0,0,0,0,0,0,0,0,2,0,0
446,6342.jpg,0,0,3,0,0,0,0,0,0,0,0,0,0,0,0,0,0,0
447,6356.jpg,2,0,2,0,0,0,0,0,0,0,0,0,0,0,0,0,0,0
448,6370.jpg,1,0,3,0,0,0,0,0,0,0,0,0,0,0,0,0,0,0
449,6384.jpg,0,0,3,0,0,0,0,0,0,0,0,0,0,0,0,0,0,0
450,6398.jpg,0,0,3,0,0,0,0,0,0,0,0,0,0,0,0,0,0,0
451,6412.jpg,0,0,3,0,0,0,0,0,0,0,0,0,0,0,0,0,0,0
452,6426.jpg,0,0,4,0,0,0,0,0,0,0,0,0,0,0,0,0,0,0
453,6440.jpg,0,0,2,0,0,0,0,0,0,0,0,0,0,0,0,0,0,0
454,6454.jpg,1,0,2,0,0,0,0,0,0,0,0,0,0,0,0,0,0,0
455,6468.jpg,1,0,3,0,0,0,0,0,0,0,0,0,0,0,0,0,0,0
456,6482.jpg,0,0,3,0,0,0,0,0,0,0,0,0,0,0,0,0,0,0
457,6496.jpg,1,0,2,0,0,0,0,0,0,0,0,0,0,0,0,0,0,0
458,6510.jpg,2,0,5,0,0,0,0,0,0,0,0,0,0,0,0,0,0,0
459,6524.jpg,1,0,2,0,0,0,1,0,0,0,0,0,0,0,0,0,0,0
460,6538.jpg,2,0,2,0,0,0,0,0,0,0,0,0,0,0,0,0,0,0
461,6552.jpg,3,0,2,0,0,0,0,0,0,0,0,0,0,0,0,0,0,0
462,6566.jpg,2,0,3,0,0,0,1,0,0,0,0,0,0,0,0,0,0,0
463,6580.jpg,2,0,3,0,0,0,0,0,0,0,0,0,0,0,0,0,0,0
464,6594.jpg,1,0,3,0,0,0,0,0,0,0,0,0,0,0,0,0,0,0
465,6608.jpg,1,0,2,0,0,0,0,0,0,0,0,0,0,0,0,0,0,0
466,6622.jpg,0,0,3,0,0,0,0,0,0,0,0,0,0,0,0,0,0,0
467,6636.jpg,1,0,2,0,0,0,1,0,0,0,0,0,0,0,0,0,0,0
468,6650.jpg,2,0,3,0,0,0,0,0,0,0,0,1,0,0,0,2,0,0
469,6664.jpg,2,0,2,0,0,0,0,0,0,0,0,0,0,0,0,0,0,0
470,6678.jpg,2,0,2,0,0,0,0,0,0,0,0,0,0,0,0,0,0,0
471,6692.jpg,2,0,2,0,0,0,0,0,0,0,0,0,0,0,0,0,0,0
472,6706.jpg,2,0,2,0,0,0,0,0,0,0,0,0,0,0,0,0,0,0
473,6720.jpg,2,0,3,0,0,0,0,0,0,0,0,0,0,0,0,0,0,0
474,6734.jpg,2,0,2,0,0,0,0,0,0,0,0,0,0,0,0,0,0,0
475,6748.jpg,2,0,3,0,0,0,0,0,0,0,0,0,0,0,0,0,0,0
476,6762.jpg,2,0,4,0,0,0,1,0,0,0,0,0,0,0,0,0,0,0
477,6776.jpg,2,0,4,0,0,0,0,0,0,0,0,0,0,0,0,0,0,0
478,6790.jpg,1,0,2,0,0,0,0,0,0,0,0,0,0,0,0,0,0,0
479,6804.jpg,1,0,3,0,0,0,1,0,0,0,0,0,0,0,0,0,0,0
480,6818.jpg,0,0,3,0,0,0,0,0,0,0,0,0,0,0,0,0,0,0
481,6832.jpg,1,0,6,0,0,0,0,0,0,0,0,0,0,0,0,0,0,0
482,6846.jpg,3,0,4,0,0,0,1,0,0,0,0,0,0,0,0,0,0,0
483,6860.jpg,3,0,5,0,0,0,0,0,0,0,0,0,0,0,0,0,0,0
484,6874.jpg,2,0,2,0,0,0,1,0,0,0,0,0,0,0,0,1,0,0
485,6888.jpg,1,0,2,0,0,0,0,0,0,0,0,0,0,0,0,1,0,0
486,6902.jpg,1,0,3,0,0,0,0,0,0,0,0,0,0,0,0,0,0,0
487,6916.jpg,1,0,4,0,0,0,0,0,0,0,0,0,0,0,0,0,0,0
488,6930.jpg,1,0,2,0,0,0,1,0,0,0,0,0,0,0,0,0,0,0
489,6944.jpg,2,0,5,0,0,0,1,0,0,0,0,0,0,0,0,0,0,0
490,6958.jpg,1,0,4,0,0,0,1,0,0,0,0,0,1,0,0,0,0,0
491,6972.jpg,1,0,3,0,0,0,0,0,0,0,0,0,2,0,0,0,0,0
492,6986.jpg,1,0,3,0,0,0,0,0,0,0,0,0,1,0,0,0,0,0
493,7000.jpg,1,0,3,0,0,0,0,0,0,0,0,0,0,0,0,0,0,0
494,7014.jpg,2,0,4,0,0,0,0,0,0,0,0,0,1,0,0,0,0,0
495,7028.jpg,1,0,4,0,0,0,0,0,0,0,0,0,0,0,0,0,0,0
496,7042.jpg,1,0,4,0,0,0,0,0,0,0,0,0,0,0,0,0,0,0
497,7056.jpg,1,0,3,0,0,0,0,0,0,0,0,0,0,0,0,0,0,0
498,7070.jpg,1,0,2,0,0,0,0,0,0,0,0,0,0,0,0,0,0,0
499,7084.jpg,0,0,3,0,0,0,0,0,0,0,0,0,0,0,0,0,0,0
500,7098.jpg,0,0,2,0,0,0,0,0,0,0,0,0,0,0,0,0,0,0
501,7112.jpg,0,0,3,0,0,0,1,0,0,0,0,0,0,0,0,0,0,0
502,7126.jpg,0,0,3,0,0,0,0,0,0,0,0,0,0,0,0,0,0,0
503,7140.jpg,0,0,3,0,0,0,0,0,0,0,0,0,0,0,0,0,0,0
504,7154.jpg,0,0,1,0,0,0,0,0,0,0,0,0,0,0,0,0,0,0
505,7168.jpg,0,0,7,0,0,0,1,0,0,0,0,0,0,0,0,0,0,0
506,7182.jpg,1,0,5,0,0,0,0,0,0,0,0,0,0,0,0,0,0,0
507,7252.jpg,8,0,2,0,0,0,0,0,0,0,0,1,0,0,0,1,0,0
508,7266.jpg,4,0,3,0,0,0,0,0,0,0,0,0,1,0,0,0,0,0
509,7280.jpg,6,0,2,0,0,0,0,0,0,0,0,0,0,0,0,0,0,0
510,7294.jpg,6,0,2,0,0,0,0,0,0,0,0,0,1,0,0,0,0,0
511,7308.jpg,6,0,4,0,0,0,0,0,0,0,0,0,0,0,0,0,0,0
512,7322.jpg,6,0,6,0,0,0,0,0,0,0,0,0,0,0,0,0,0,0
513,7336.jpg,6,0,3,0,0,0,0,0,0,0,0,0,0,0,0,0,0,0
514,7350.jpg,4,0,3,0,0,0,0,0,0,0,0,0,0,0,0,0,0,0
515,7364.jpg,3,1,5,0,0,0,0,0,0,0,0,0,0,0,0,0,0,0
516,7378.jpg,3,0,2,0,0,0,0,0,0,0,0,0,0,0,0,0,0,0
517,7392.jpg,4,0,3,0,0,0,0,0,0,0,0,0,0,0,0,0,0,0
518,7406.jpg,1,0,4,0,0,0,0,0,0,0,0,0,0,0,0,0,0,0
519,7420.jpg,2,0,2,0,0,0,0,0,0,0,0,0,0,0,0,0,0,0
520,7434.jpg,1,0,4,0,0,0,0,0,0,0,0,0,0,0,0,0,0,0
521,7448.jpg,1,0,4,0,0,0,0,0,0,0,0,0,0,0,0,0,0,0
522,7462.jpg,1,0,2,0,0,0,0,0,0,0,0,0,0,0,0,0,0,0
523,7476.jpg,0,0,5,0,0,0,0,0,0,0,0,0,0,0,0,0,0,0
524,7490.jpg,1,0,3,0,0,0,0,0,0,0,0,0,0,0,0,0,0,0
525,7504.jpg,2,0,4,0,0,0,0,0,0,0,0,0,0,0,0,0,0,0
526,7518.jpg,1,0,2,0,0,0,0,0,0,0,0,0,0,0,0,0,0,0
527,7532.jpg,2,0,2,0,0,0,0,0,0,0,0,0,0,0,0,0,0,0
528,7546.jpg,0,0,7,0,0,0,0,0,0,0,0,0,0,0,0,0,0,0
529,7560.jpg,2,0,3,0,0,0,0,0,0,0,0,0,0,0,0,0,0,0
530,7574.jpg,2,0,4,0,0,0,0,0,0,0,0,0,0,0,0,0,0,0
531,7588.jpg,2,0,5,0,0,0,0,0,0,0,0,0,0,0,0,0,0,0
532,7602.jpg,1,0,6,0,0,0,0,0,0,0,0,0,0,0,0,0,0,0
533,7616.jpg,1,0,7,0,0,0,0,0,0,0,0,0,0,0,0,0,0,0
534,7630.jpg,1,0,9,0,0,0,0,0,0,0,0,0,0,0,0,0,0,0
535,7644.jpg,3,0,6,0,0,0,0,0,0,0,0,0,0,0,0,0,0,0
536,7658.jpg,0,0,6,0,0,0,0,0,0,0,0,0,0,0,0,0,0,0
537,7672.jpg,0,0,4,0,0,0,0,0,0,0,0,0,0,0,0,0,0,0
538,7686.jpg,1,0,8,0,0,0,0,0,0,0,0,0,0,0,0,0,0,0
539,7700.jpg,3,0,7,0,0,0,0,0,0,0,0,0,0,0,0,0,0,0
540,7714.jpg,1,0,6,0,0,0,0,0,0,0,0,0,0,0,0,0,0,0
541,7728.jpg,1,0,4,0,0,0,0,0,0,0,0,0,0,0,0,0,0,0
542,7742.jpg,1,0,4,0,0,0,0,0,0,0,0,0,0,0,0,0,0,0
543,7756.jpg,1,0,7,0,0,0,0,0,0,0,0,0,0,0,0,0,0,0
544,7770.jpg,1,0,5,0,0,0,0,0,0,0,0,0,0,0,0,0,0,0
545,7784.jpg,1,0,9,0,0,0,0,0,0,0,0,0,0,0,0,0,0,0
546,7798.jpg,3,0,6,0,0,0,0,0,0,0,0,0,0,0,0,0,0,0
547,7812.jpg,1,0,6,0,0,0,0,0,0,0,0,0,0,0,0,0,0,0
548,7826.jpg,1,0,7,0,0,0,0,0,0,0,0,0,0,0,0,0,0,0
549,7840.jpg,0,0,6,0,0,0,0,0,0,0,0,0,0,0,0,0,0,0
550,7854.jpg,3,0,6,0,0,0,0,0,0,0,0,0,0,0,0,0,0,0
551,7896.jpg,4,0,9,0,0,0,0,0,0,0,0,0,0,0,0,0,0,0
552,7910.jpg,1,0,8,0,0,0,0,0,0,0,0,0,0,0,0,0,0,0
553,7924.jpg,0,0,9,0,0,0,0,0,0,0,0,0,0,0,0,0,0,0
554,7938.jpg,0,0,10,0,0,0,0,0,0,0,0,0,0,0,0,0,0,0
555,7952.jpg,0,0,7,0,0,0,1,0,0,0,0,0,0,0,0,0,0,0
556,7980.jpg,0,0,7,0,0,0,0,0,0,0,0,0,0,0,0,0,0,0
557,7994.jpg,0,0,6,0,0,0,1,0,0,0,0,0,0,0,0,0,0,0
558,8008.jpg,0,0,6,0,0,0,0,0,0,0,0,0,0,0,0,0,0,0
559,8022.jpg,0,0,2,0,0,0,0,0,0,0,0,0,0,0,0,0,0,0
560,8036.jpg,0,0,6,0,0,0,0,0,0,0,0,0,0,0,0,0,0,0
561,8148.jpg,4,0,6,0,0,0,0,0,0,0,0,0,0,0,0,0,0,0
562,8162.jpg,6,0,7,0,0,0,0,0,0,0,0,0,0,0,0,1,0,0
563,8176.jpg,5,0,6,0,0,0,0,0,0,0,0,0,0,0,0,0,0,0
564,8190.jpg,4,0,6,0,0,0,1,0,0,0,0,0,0,0,0,0,0,0
565,8204.jpg,3,0,6,0,1,0,0,0,0,0,0,0,0,0,0,0,0,0
566,8218.jpg,0,0,7,0,1,0,0,0,0,0,0,0,0,0,0,0,0,0
567,8232.jpg,0,0,3,0,1,0,0,0,0,0,0,0,0,0,0,0,0,0
568,8246.jpg,0,0,0,0,1,1,0,0,0,0,0,0,0,0,0,0,0,0
569,8260.jpg,0,0,0,0,1,0,0,0,0,0,0,0,0,0,0,0,0,0
570,8274.jpg,0,0,0,0,1,0,0,0,0,0,0,0,0,0,0,0,0,0
571,8288.jpg,0,0,0,0,1,0,0,0,0,0,0,0,0,0,0,0,0,0
572,8302.jpg,1,0,0,0,0,0,1,0,0,0,0,0,0,0,0,0,0,0
573,8316.jpg,1,0,1,0,0,0,1,0,0,0,0,0,0,0,0,0,0,0
574,8330.jpg,3,0,0,0,0,0,1,0,0,0,0,0,0,0,0,0,0,0
575,8344.jpg,1,0,2,0,0,0,1,0,0,0,0,0,0,0,0,0,0,0
576,8358.jpg,1,0,3,0,0,0,1,0,0,0,0,0,0,0,0,0,0,0
577,8372.jpg,1,0,3,0,1,0,1,0,0,0,0,0,0,0,0,0,0,0
578,8386.jpg,1,0,7,0,0,0,1,0,0,0,0,0,0,0,0,0,0,0
579,8400.jpg,1,0,5,0,0,0,1,0,0,0,0,0,0,0,0,0,0,0
580,8414.jpg,2,0,4,0,1,0,0,0,0,0,0,0,0,0,0,2,0,0
581,8428.jpg,0,0,3,0,1,0,0,0,0,0,0,0,0,0,0,0,0,0
582,8442.jpg,0,0,5,0,1,0,0,0,0,0,0,0,0,0,0,0,0,0
583,8456.jpg,0,0,6,0,1,0,0,0,0,0,0,0,0,0,0,0,0,0
584,8470.jpg,0,0,5,0,1,0,1,0,0,0,0,0,0,0,0,0,0,0
585,8484.jpg,0,0,3,0,0,0,1,0,0,0,0,0,0,0,0,0,0,0
586,8498.jpg,0,0,2,0,0,0,0,0,0,0,0,0,0,0,0,0,0,0
587,8554.jpg,0,0,2,0,0,0,0,0,0,0,0,0,0,0,0,0,0,0
588,8568.jpg,0,0,3,0,0,0,0,0,0,0,0,0,0,0,0,0,0,0
589,8582.jpg,0,0,3,0,0,0,0,0,0,0,0,0,0,0,0,0,0,0
590,8596.jpg,0,0,3,0,0,0,0,0,0,0,0,0,0,0,0,0,0,0
591,8610.jpg,0,0,5,0,0,0,0,0,0,0,0,0,0,0,0,0,0,0
592,8624.jpg,0,0,2,0,0,0,0,0,0,0,0,0,0,0,0,0,0,0
593,8638.jpg,0,0,3,0,0,0,1,0,0,0,0,0,0,0,0,0,0,0
594,8652.jpg,0,0,3,0,1,0,0,0,0,0,0,0,0,0,0,0,0,0
595,8666.jpg,1,0,2,0,0,0,0,0,0,0,0,0,0,0,0,0,0,0
596,8680.jpg,2,0,2,0,0,0,0,0,0,0,0,0,0,0,0,0,0,0
597,8694.jpg,0,0,2,0,0,0,0,0,0,0,0,0,0,0,0,0,0,0
598,8708.jpg,1,0,3,0,0,0,0,0,0,0,0,0,0,0,0,0,0,0
599,8722.jpg,1,0,4,0,0,0,0,0,0,0,0,0,0,0,0,0,0,0
600,8736.jpg,1,0,4,0,0,0,0,0,0,0,0,0,0,0,0,0,0,0
601,8750.jpg,1,0,2,0,0,0,0,0,0,0,0,0,0,0,0,0,0,0
602,8764.jpg,0,0,3,0,0,0,0,0,0,0,0,0,0,0,0,0,0,0
603,8778.jpg,1,0,3,0,0,0,0,0,0,0,0,0,0,0,0,0,0,0
604,8792.jpg,1,0,2,0,0,0,0,0,0,0,0,0,0,0,0,0,0,0
605,8806.jpg,1,0,3,0,0,0,0,0,0,0,0,0,0,0,0,0,0,0
606,8862.jpg,1,0,6,0,0,0,0,0,0,0,0,0,0,0,0,0,0,0
607,8876.jpg,1,0,5,0,0,0,0,0,0,0,0,0,0,0,0,0,0,0
608,8890.jpg,1,0,3,0,0,0,0,0,0,0,0,0,0,0,0,0,0,0
609,8904.jpg,1,0,3,0,0,0,0,0,0,0,0,0,0,0,0,0,0,0
610,8918.jpg,1,0,4,0,0,0,1,0,0,0,0,0,0,0,0,0,0,0
611,8932.jpg,1,0,6,0,0,0,0,0,0,0,0,0,0,0,0,0,0,0
612,8946.jpg,1,0,6,0,0,0,0,0,0,0,0,0,0,0,0,0,0,0
613,8960.jpg,1,0,4,0,0,0,0,0,0,0,0,0,0,0,0,0,0,0
614,8974.jpg,1,0,6,0,0,0,0,0,0,0,0,0,0,0,0,0,0,0
615,8988.jpg,2,0,6,0,0,0,1,0,0,0,0,0,0,0,0,0,0,0
616,9002.jpg,1,0,6,0,0,0,1,0,0,0,0,0,0,0,0,0,0,0
617,9016.jpg,1,0,7,0,0,0,0,0,0,0,0,0,0,0,0,0,0,0
618,9030.jpg,1,0,4,0,0,0,0,0,0,0,0,0,0,0,0,0,0,0
619,9044.jpg,1,0,4,0,0,0,0,0,0,0,0,0,0,0,0,0,0,0
620,9058.jpg,1,0,4,0,0,0,0,0,0,0,0,0,0,0,0,0,0,0
621,9072.jpg,1,0,5,0,0,0,0,0,0,0,0,0,0,0,0,0,0,0
622,9100.jpg,2,0,5,0,0,0,0,0,0,0,0,0,0,0,0,0,0,0
623,9128.jpg,3,0,6,0,0,0,0,0,0,0,0,0,0,0,0,0,0,0
624,9142.jpg,4,0,5,0,0,0,0,0,0,0,0,0,0,0,0,0,0,0
625,9156.jpg,4,0,5,0,0,0,0,0,0,0,0,0,0,0,0,0,1,0
626,9170.jpg,3,0,5,0,0,0,0,0,0,0,0,0,0,0,0,0,0,0
627,9184.jpg,3,0,6,0,0,0,0,0,0,0,0,0,0,0,0,0,0,0
628,9198.jpg,3,0,5,0,0,0,0,0,0,0,0,0,0,0,0,0,0,0
629,9212.jpg,2,0,6,0,0,0,0,0,0,0,0,0,0,0,0,0,0,0
630,9226.jpg,2,0,5,0,0,0,0,0,0,0,0,0,0,0,0,0,0,0
631,9240.jpg,3,0,5,0,0,0,0,0,0,0,0,0,0,0,0,0,0,0
632,9254.jpg,2,0,6,0,0,0,0,0,0,0,0,0,0,0,0,0,0,0
633,9520.jpg,0,0,5,0,0,0,0,0,0,0,0,0,0,0,0,0,0,0
634,9534.jpg,0,0,7,0,0,0,0,0,0,0,0,0,0,0,0,0,0,0
635,9548.jpg,0,0,6,0,0,0,0,0,0,0,0,0,0,0,0,0,0,0
636,9562.jpg,0,0,6,0,0,0,0,0,0,0,0,0,0,0,0,0,0,0
637,9576.jpg,0,0,6,0,0,0,0,0,0,0,0,0,0,0,0,0,0,0
638,9590.jpg,0,0,5,0,0,0,0,0,0,0,0,0,0,0,0,0,0,0
639,9604.jpg,0,0,6,0,0,0,0,0,0,0,0,0,0,0,0,0,0,0
640,9618.jpg,0,0,4,0,0,0,0,0,0,0,0,0,0,0,0,0,0,0
641,9632.jpg,1,0,6,1,0,0,0,0,0,0,0,0,0,0,0,0,0,0
642,9646.jpg,3,0,6,0,0,0,0,0,0,0,0,0,0,0,0,0,0,0
643,9660.jpg,2,1,6,0,0,0,0,0,0,0,0,0,2,0,0,0,0,0
644,9674.jpg,1,0,6,0,0,0,0,0,0,0,0,0,0,0,0,0,0,0
645,9688.jpg,1,0,4,0,0,0,1,0,0,0,0,0,1,0,0,0,0,0
646,9758.jpg,2,0,4,0,0,0,1,0,0,0,0,0,0,0,0,0,0,0
647,9800.jpg,2,0,8,0,0,0,0,0,0,0,0,0,0,0,0,0,0,0
648,9814.jpg,2,0,7,0,0,0,1,0,0,0,0,0,0,0,0,0,0,0
649,9828.jpg,2,0,5,0,0,0,1,0,0,0,0,0,0,0,0,0,0,0
650,9842.jpg,3,0,4,0,0,0,0,0,0,0,0,0,0,0,0,0,0,0
651,9856.jpg,3,0,4,0,0,0,1,0,0,0,0,0,0,0,0,0,0,0
652,9870.jpg,3,0,3,0,0,0,0,0,0,0,0,0,0,0,0,0,0,0
653,9884.jpg,3,0,4,0,0,0,0,0,0,0,0,0,0,0,0,0,0,0
654,9898.jpg,4,0,4,0,0,0,0,0,0,0,0,0,0,0,0,1,0,0
655,9912.jpg,2,0,2,0,0,0,0,0,0,0,0,0,0,0,0,0,0,0
656,9926.jpg,2,0,4,0,0,0,0,0,0,0,0,0,0,0,0,0,0,0
657,9940.jpg,2,0,4,0,0,0,0,0,0,0,0,0,0,0,0,1,0,0
658,9954.jpg,2,0,3,0,0,0,0,0,0,0,0,0,0,0,0,2,0,0
659,9968.jpg,2,0,3,0,0,0,0,0,0,0,0,0,0,0,0,0,0,0
660,9982.jpg,1,0,3,0,0,0,0,0,0,0,0,0,0,0,0,0,0,0
661,9996.jpg,1,0,3,0,0,0,0,0,0,0,0,0,0,0,0,0,0,0
662,10038.jpg,2,0,2,0,0,0,0,0,0,0,0,0,0,0,0,0,0,0
663,10052.jpg,3,0,1,0,0,0,0,0,0,0,0,0,0,0,0,0,0,0
664,10066.jpg,2,0,1,0,0,0,0,0,0,0,0,0,0,0,0,0,0,0
665,10080.jpg,1,0,0,0,0,0,0,0,0,0,0,0,0,0,0,0,0,0
666,10094.jpg,2,0,0,0,0,0,0,0,0,0,0,0,0,0,0,0,0,0
667,10108.jpg,1,0,0,0,0,0,0,0,0,0,0,0,0,0,0,0,0,0
668,10122.jpg,1,0,0,0,0,0,0,0,0,0,0,0,0,0,0,0,0,0
669,10136.jpg,1,0,0,0,0,0,0,0,0,0,0,0,0,0,0,0,0,0
670,10150.jpg,0,0,1,0,0,0,0,0,0,0,0,0,0,0,0,0,0,0
671,10164.jpg,1,0,1,0,0,0,0,0,0,0,0,0,0,0,0,0,0,0
672,10178.jpg,0,0,2,0,0,0,0,0,0,0,0,0,0,0,0,0,0,0
673,10192.jpg,0,0,1,0,0,0,0,0,0,0,0,0,0,0,0,0,0,0
674,10206.jpg,0,0,1,0,0,0,0,0,0,0,0,0,0,0,0,0,0,0
675,10220.jpg,0,0,1,0,0,0,0,0,0,0,0,0,0,0,0,0,0,0
676,10318.jpg,1,0,1,0,0,0,0,0,0,0,0,0,0,0,0,0,0,0
677,10332.jpg,3,0,1,0,0,0,0,0,0,0,0,0,0,0,0,0,0,0
678,10346.jpg,1,0,1,0,0,0,0,0,0,0,0,0,0,0,0,0,0,0
679,10360.jpg,2,0,0,0,0,0,0,0,0,0,0,0,0,0,0,0,0,0
680,10374.jpg,2,0,0,0,0,0,0,0,0,0,0,0,0,0,0,0,0,0
681,10388.jpg,3,0,0,0,0,0,0,0,0,0,0,0,0,0,0,0,0,0
682,10402.jpg,3,0,0,0,0,0,0,0,0,0,0,0,0,0,0,0,1,0
683,10430.jpg,4,0,0,0,0,0,0,0,0,0,0,0,0,0,0,1,0,0
684,10444.jpg,5,0,0,0,0,0,0,0,0,0,0,0,1,0,0,0,0,0
685,10458.jpg,4,0,0,0,0,0,0,0,0,0,0,0,0,0,0,0,0,0
686,10472.jpg,4,0,0,0,0,0,0,0,0,0,0,0,0,0,0,1,0,0
687,10486.jpg,4,0,2,0,0,0,0,0,0,0,0,0,0,0,0,1,0,0
688,10514.jpg,5,0,0,0,0,0,0,0,0,0,0,0,0,0,0,1,0,0
689,10528.jpg,4,0,0,0,0,0,0,0,0,0,0,0,0,0,0,0,0,0
690,10542.jpg,3,0,0,0,0,0,0,0,0,0,0,0,0,0,0,0,0,0
691,10556.jpg,4,0,0,0,0,0,0,0,0,0,0,0,0,0,0,0,0,0
692,10570.jpg,2,0,1,0,0,0,0,0,0,0,0,0,0,0,0,0,0,0
693,10584.jpg,2,0,2,0,0,0,1,0,0,0,0,0,0,0,0,0,0,0
694,10598.jpg,0,0,2,0,0,0,1,0,0,0,0,0,0,0,0,0,0,0
695,10612.jpg,1,0,1,0,0,0,0,0,0,0,0,0,0,0,0,0,0,0
696,10626.jpg,0,0,3,0,0,0,0,0,0,0,0,0,0,0,0,0,0,0
697,10640.jpg,0,0,2,0,0,0,0,0,0,0,0,0,0,0,0,0,0,0
698,10654.jpg,0,0,3,0,0,0,0,0,0,0,0,0,0,0,0,0,0,0
699,10668.jpg,0,0,2,0,0,0,0,0,0,0,0,0,0,0,0,0,0,0
700,10682.jpg,0,0,1,0,0,0,0,0,0,0,0,0,0,0,0,0,0,0
701,10696.jpg,0,0,2,0,0,0,0,0,0,0,0,0,0,0,0,0,0,0
702,10710.jpg,0,0,2,0,0,0,0,0,0,0,0,0,0,0,0,0,0,0
703,10766.jpg,0,0,2,0,0,0,0,0,0,0,0,0,0,0,0,0,0,0
704,10780.jpg,1,0,1,0,0,0,0,0,0,0,0,0,0,0,0,0,0,0
705,10794.jpg,0,0,1,0,0,0,0,0,0,0,0,0,0,0,0,0,0,0
706,10808.jpg,0,0,2,0,0,0,0,0,0,0,0,0,0,0,0,0,0,0
707,10836.jpg,0,0,2,0,0,0,0,0,0,0,0,0,0,0,0,0,0,0
708,10850.jpg,1,0,2,0,0,0,0,0,0,0,0,0,0,0,0,0,0,0
709,10906.jpg,0,0,1,0,0,0,0,0,0,0,0,0,0,0,0,0,0,0
710,10920.jpg,1,0,1,0,0,0,0,0,0,0,0,0,0,0,0,0,0,0
711,10934.jpg,3,0,3,0,0,0,0,0,0,0,0,0,0,0,0,0,0,0
712,10948.jpg,2,0,3,0,0,0,0,0,0,0,0,0,0,0,0,0,0,0
713,10962.jpg,2,0,2,0,0,0,0,0,0,0,0,0,0,0,0,0,0,0
714,11018.jpg,2,0,2,0,0,0,0,0,0,0,0,0,1,0,0,0,0,0
715,11032.jpg,2,0,3,0,0,0,0,0,0,0,0,0,0,0,0,0,0,0
716,11046.jpg,2,0,2,0,0,0,0,0,0,0,0,1,0,0,0,0,0,0
717,11060.jpg,3,0,3,0,0,0,0,0,0,0,0,0,0,0,0,0,0,0
718,11074.jpg,3,0,1,0,0,0,0,0,0,0,3,0,0,0,0,0,0,0
719,11088.jpg,2,0,0,0,0,0,0,0,0,0,0,0,0,0,0,2,0,0
720,11102.jpg,4,0,1,0,0,0,0,0,0,0,0,0,0,0,0,1,0,0
721,11116.jpg,1,0,1,0,0,0,0,0,0,0,0,0,0,0,0,0,0,0
722,11158.jpg,0,0,1,0,0,0,0,0,0,0,0,0,0,0,0,0,0,0
723,11186.jpg,0,0,1,0,0,0,0,0,0,0,0,0,0,0,0,0,0,0
724,11200.jpg,0,0,2,0,0,0,0,0,0,0,0,0,0,0,0,0,0,0
725,11214.jpg,0,0,1,0,0,0,0,0,0,0,0,0,0,0,0,0,0,0
726,11312.jpg,0,0,1,0,0,0,0,0,0,0,0,0,0,0,0,0,0,0
727,11326.jpg,0,0,2,0,0,0,0,0,0,0,0,0,0,0,0,0,0,0
728,11340.jpg,0,0,2,0,0,0,0,0,0,0,0,0,0,0,0,0,0,0
729,11438.jpg,0,0,1,0,0,0,0,0,0,0,0,0,0,0,0,0,0,0
730,11466.jpg,1,0,0,0,0,0,0,0,0,0,0,0,0,0,0,0,0,0
731,11480.jpg,2,0,0,0,0,0,0,0,0,0,0,0,0,0,0,0,0,0
732,11494.jpg,2,0,0,0,0,0,0,0,0,0,0,0,0,0,0,0,0,0
733,11508.jpg,1,0,0,0,0,0,0,0,0,0,0,0,0,0,0,0,0,0
734,11522.jpg,1,0,0,0,0,0,0,0,0,0,0,0,1,0,0,0,0,0
735,11536.jpg,1,0,0,0,0,0,0,0,0,0,0,0,0,0,0,0,0,0
736,11550.jpg,1,0,0,0,0,0,0,0,0,0,0,0,0,0,0,1,0,0
737,11564.jpg,2,0,0,0,0,0,0,0,0,0,0,0,0,0,0,1,0,0
738,11578.jpg,0,0,1,0,0,0,0,0,0,0,0,0,0,0,0,0,0,0
739,11746.jpg,0,0,1,0,0,0,0,0,0,0,0,0,0,0,0,0,0,0
740,11760.jpg,0,0,1,0,0,0,0,0,0,0,0,0,0,0,0,0,0,0
741,11774.jpg,0,0,1,0,0,0,0,0,0,0,0,0,0,0,0,0,0,0
742,11788.jpg,0,0,1,0,0,0,0,0,0,0,0,0,0,0,0,0,0,0
743,11802.jpg,0,0,1,0,0,0,0,0,0,0,0,0,0,0,0,0,0,0
744,11830.jpg,0,0,1,0,0,0,0,0,0,0,0,0,0,0,0,0,0,0
745,11844.jpg,0,0,1,0,0,0,0,0,0,0,0,0,0,0,0,0,0,0
746,11858.jpg,0,0,1,0,0,0,0,0,0,0,0,0,0,0,0,0,0,0
747,11872.jpg,0,0,1,0,0,0,0,0,0,0,0,0,0,0,0,0,0,0
748,11886.jpg,0,0,1,0,0,0,0,0,0,0,0,0,0,0,0,0,0,0
749,11900.jpg,0,0,1,0,0,0,0,0,0,0,0,0,0,0,0,0,0,0
750,11984.jpg,1,0,0,0,0,0,0,0,0,0,0,0,0,0,0,0,0,0
751,11998.jpg,2,0,0,0,0,0,0,0,0,0,0,0,0,0,0,0,0,0
752,12012.jpg,1,0,1,0,0,0,0,0,0,0,0,0,0,0,0,0,0,0
753,12026.jpg,0,0,1,0,0,0,0,0,0,0,0,0,0,0,0,0,0,0
754,12040.jpg,0,0,2,0,0,0,0,0,0,0,0,0,0,0,0,0,0,0
755,12054.jpg,4,0,1,0,0,0,0,0,0,0,0,0,0,0,0,0,0,0
756,12068.jpg,4,0,1,0,0,0,0,0,0,0,0,0,0,0,0,1,0,0
757,12082.jpg,4,0,0,0,0,0,0,0,0,0,0,0,0,0,0,1,0,0
758,12096.jpg,3,0,1,0,0,0,0,0,0,0,0,0,0,0,0,0,0,0
759,12110.jpg,5,0,2,0,0,0,0,0,0,0,0,0,0,0,0,0,0,0
760,12124.jpg,5,0,2,0,0,0,0,0,0,0,0,0,0,0,0,0,0,0
761,12138.jpg,5,0,2,0,0,0,0,0,0,0,0,0,0,0,0,0,0,0
762,12208.jpg,5,0,0,0,0,0,0,0,0,0,0,0,0,0,0,0,0,0
763,12222.jpg,4,0,0,0,0,0,0,0,0,0,0,0,0,0,0,0,0,0
764,12236.jpg,3,0,0,0,0,0,0,0,0,0,0,0,0,0,0,0,0,0
765,12250.jpg,3,0,0,0,0,0,0,0,0,0,0,0,0,0,0,0,0,0
766,12264.jpg,2,0,0,0,0,0,0,0,0,0,0,0,0,0,0,0,0,0
767,12278.jpg,4,0,2,0,0,0,0,0,0,0,0,0,0,0,0,0,0,0
768,12292.jpg,3,0,1,0,0,0,0,0,0,0,0,0,0,0,0,0,0,0
769,12306.jpg,1,0,1,1,0,0,0,0,0,0,0,0,0,0,0,0,0,0
770,12320.jpg,1,0,1,1,0,0,0,0,0,0,0,0,0,0,0,0,0,0
771,12334.jpg,1,0,1,0,0,0,0,0,0,0,0,0,0,0,0,0,0,0
772,12348.jpg,1,0,2,0,0,0,0,0,0,0,0,0,0,0,0,0,0,0
773,12362.jpg,1,0,1,0,0,0,0,0,0,0,0,0,0,0,0,0,0,0
774,12376.jpg,1,0,1,0,0,0,0,0,0,0,0,0,0,0,0,0,0,0
775,12390.jpg,1,0,1,1,0,0,0,0,0,0,0,0,0,0,0,0,0,0
776,12404.jpg,1,0,3,0,0,0,0,0,0,0,0,0,0,0,0,0,0,0
777,12446.jpg,2,0,1,1,0,0,0,0,0,0,0,0,0,0,0,0,0,0
778,12460.jpg,1,0,1,0,0,0,0,0,0,0,0,0,0,0,0,0,0,0
779,12474.jpg,3,0,2,0,0,0,0,0,0,0,0,0,0,0,0,0,0,0
780,12488.jpg,1,0,2,0,0,0,0,0,0,0,0,0,0,0,0,0,0,0
781,12502.jpg,2,0,2,0,0,0,0,0,0,0,0,0,0,0,0,0,0,0
782,12516.jpg,2,0,2,0,0,0,0,0,0,0,0,0,0,0,0,0,0,0
783,12530.jpg,1,0,1,2,0,0,0,0,0,0,0,0,0,0,0,0,0,0
784,12544.jpg,1,0,1,1,0,0,0,0,0,0,0,0,0,0,0,0,0,0
785,12558.jpg,2,1,1,1,0,0,0,0,0,0,0,0,0,0,0,0,0,0
786,12572.jpg,1,0,1,0,0,0,0,0,0,0,0,0,0,0,0,0,0,0
787,12586.jpg,0,0,2,0,0,0,0,0,0,0,0,0,0,0,0,0,0,0
788,12600.jpg,0,0,2,0,0,0,0,0,0,0,0,0,0,0,0,0,0,0
789,12684.jpg,0,0,1,0,0,0,0,0,0,0,0,0,0,0,0,0,0,0
790,12768.jpg,1,0,1,0,0,0,0,0,0,0,0,0,0,0,0,0,0,0
791,12782.jpg,1,0,1,0,0,0,0,0,0,0,0,0,0,0,0,0,0,0
792,12796.jpg,1,0,1,0,0,0,0,0,0,0,0,0,0,0,0,0,0,0
793,12810.jpg,1,0,2,0,0,0,0,0,0,0,0,0,0,0,0,0,0,0
794,12824.jpg,1,0,1,0,0,0,0,0,0,0,0,0,0,0,0,0,0,0
795,12838.jpg,2,0,1,0,0,0,0,0,0,0,0,0,0,0,0,1,0,0
796,12852.jpg,4,1,2,1,0,0,0,0,0,0,0,0,0,0,0,1,0,0
797,12866.jpg,3,1,1,0,0,0,0,0,0,0,0,0,0,0,0,0,0,0
798,12880.jpg,4,0,1,0,0,0,0,0,0,0,0,0,0,0,0,0,0,0
799,12894.jpg,1,0,2,0,0,0,0,0,0,0,0,0,0,0,0,0,0,0
800,12908.jpg,3,0,1,0,0,0,0,0,0,0,0,0,0,0,0,0,0,0
801,12922.jpg,2,0,1,0,0,0,0,0,0,0,0,0,0,0,0,0,0,0
802,12936.jpg,4,0,0,0,0,0,0,0,0,0,0,0,0,0,0,1,0,0
803,12950.jpg,4,0,0,0,0,0,0,0,0,0,0,0,1,0,0,0,0,0
804,12964.jpg,3,0,0,0,0,0,0,0,0,0,0,0,0,0,0,2,0,0
805,12978.jpg,3,0,1,0,0,0,0,0,0,0,0,0,0,0,0,3,0,0
806,12992.jpg,3,0,0,0,0,0,0,0,0,0,0,0,1,0,0,2,0,0
807,13006.jpg,2,0,0,0,0,0,0,0,0,0,0,0,0,0,0,1,0,0
808,13020.jpg,3,0,0,0,0,0,0,0,0,0,0,0,0,0,0,0,0,0
809,13034.jpg,4,0,0,0,0,0,0,0,0,0,0,0,0,0,0,0,0,0
810,13048.jpg,3,0,0,0,0,0,0,0,0,0,0,0,0,0,0,1,0,0
811,13062.jpg,2,0,0,0,0,0,0,0,0,0,0,0,0,0,0,1,0,0
812,13090.jpg,3,0,0,0,0,0,0,0,0,0,0,0,0,0,0,0,0,0
813,13104.jpg,3,0,1,0,0,0,0,0,0,0,0,0,0,0,0,0,0,0
814,13118.jpg,2,0,0,0,0,0,0,0,0,0,0,0,0,0,0,0,0,0
815,13216.jpg,1,0,1,0,0,0,0,0,0,0,0,0,0,0,0,0,0,0
816,13230.jpg,1,0,1,0,0,0,0,0,0,0,0,0,0,0,0,0,0,0
817,13244.jpg,1,0,0,0,0,0,0,0,0,0,0,0,0,0,0,0,0,0
818,13258.jpg,1,0,0,0,0,0,0,0,0,0,0,0,0,0,0,0,0,0
819,13272.jpg,1,0,0,0,0,0,0,0,0,0,0,0,0,0,0,0,0,0
820,13286.jpg,0,0,1,0,0,0,0,0,0,0,0,0,0,0,0,0,0,0
821,13328.jpg,1,0,1,0,0,0,0,0,0,0,0,0,0,0,0,0,0,0
822,13356.jpg,1,0,1,0,0,0,0,0,0,0,0,0,0,0,0,0,0,0
823,13370.jpg,1,0,1,0,0,0,0,0,0,0,0,0,0,0,0,0,0,0
824,13384.jpg,2,0,2,0,0,0,0,0,0,0,0,0,0,0,0,0,0,0
825,13398.jpg,6,0,0,0,0,0,0,0,0,0,0,0,0,0,0,0,0,0
826,13412.jpg,4,0,0,0,0,0,0,0,0,0,0,0,0,0,0,0,0,0
827,13650.jpg,4,0,3,0,0,0,1,0,0,0,0,0,0,0,0,0,0,0
828,13664.jpg,5,0,3,0,0,0,2,0,0,0,0,0,0,0,0,0,0,0
829,13678.jpg,4,0,4,0,0,0,1,0,0,0,0,0,0,0,0,0,0,0
830,13692.jpg,4,0,4,0,0,0,1,0,0,0,0,0,0,0,0,0,0,0
831,13706.jpg,3,0,2,0,1,0,1,0,0,0,0,0,0,0,0,0,0,0
832,13720.jpg,3,0,2,0,0,0,1,0,0,0,0,0,0,0,0,0,0,0
833,13734.jpg,2,0,3,0,1,0,1,0,0,0,0,0,0,0,0,0,0,0
834,13748.jpg,2,0,3,0,1,0,1,0,0,0,0,0,0,0,0,0,0,0
835,13762.jpg,2,0,2,0,0,0,1,0,0,0,0,0,0,0,0,0,0,0
836,13776.jpg,2,0,3,0,1,0,1,0,0,0,0,0,0,0,0,0,0,0
837,13790.jpg,3,0,2,0,0,0,1,0,0,0,0,0,0,0,0,0,0,0
838,13804.jpg,2,0,2,0,0,0,1,0,0,0,0,0,0,0,0,0,0,0
839,13818.jpg,2,0,2,0,0,0,1,0,0,0,0,0,0,0,0,0,0,0
840,13832.jpg,3,0,6,0,0,0,1,0,0,0,0,0,0,0,0,0,0,0
841,13846.jpg,3,0,5,0,0,0,0,0,0,0,0,0,0,0,0,0,0,0
842,13860.jpg,2,0,3,0,0,0,0,0,0,0,0,0,0,0,0,0,0,0
843,13874.jpg,2,0,6,0,0,0,0,0,0,0,0,0,0,0,0,0,0,0
844,13888.jpg,2,0,2,0,0,0,0,0,0,0,0,0,0,0,0,0,0,0
845,13930.jpg,3,0,1,0,0,0,0,0,0,0,0,0,0,0,0,1,0,0
846,13944.jpg,2,0,4,0,0,0,0,0,0,0,0,0,0,0,0,0,0,0
847,13958.jpg,2,0,3,0,0,0,0,0,0,1,0,0,0,0,0,0,0,0
848,13972.jpg,3,0,2,0,0,0,0,0,0,0,0,0,0,0,0,0,0,0
849,14000.jpg,1,0,0,0,0,0,0,0,0,0,0,0,0,0,0,0,0,0
850,14028.jpg,2,0,0,0,1,0,0,0,0,0,0,0,0,0,0,0,0,0
851,14042.jpg,0,0,0,0,1,0,0,0,0,0,0,0,0,0,0,0,0,0
852,14056.jpg,1,0,0,0,0,0,0,0,0,0,0,0,0,0,0,0,0,0
853,14070.jpg,1,0,0,0,1,0,0,0,0,0,0,0,0,0,0,0,0,0
854,14084.jpg,1,0,0,0,1,0,0,0,0,0,0,0,0,0,0,0,0,0
855,14098.jpg,0,0,0,0,0,0,1,0,0,0,0,0,0,0,0,0,0,0
856,14112.jpg,0,0,1,0,1,0,1,0,0,0,0,0,0,0,0,0,0,0
857,14126.jpg,0,0,1,0,1,0,0,0,0,0,0,0,0,0,0,0,0,0
858,14140.jpg,1,0,1,0,0,0,1,0,0,0,0,0,0,0,0,0,0,0
859,14154.jpg,2,0,2,0,0,0,1,0,0,0,0,0,0,0,0,0,0,0
860,14168.jpg,0,0,1,0,1,0,1,0,0,0,0,0,0,0,0,0,0,0
861,14182.jpg,0,0,1,0,2,0,1,0,0,0,0,0,0,0,0,0,0,0
862,14196.jpg,0,0,0,0,1,0,0,0,0,0,0,0,0,0,0,0,0,0
863,14210.jpg,0,0,0,0,1,0,0,0,0,0,0,0,0,0,0,0,0,0
864,14224.jpg,0,0,0,0,1,0,0,0,0,0,0,0,0,0,0,0,0,0
865,14238.jpg,0,0,0,0,0,1,0,0,0,0,0,0,0,0,0,0,0,0
866,14252.jpg,0,0,0,0,1,0,0,0,0,0,0,0,0,0,0,0,0,0
867,14266.jpg,0,0,0,0,1,0,0,0,0,0,0,0,0,0,0,0,0,0
868,14280.jpg,0,0,0,0,1,0,0,0,0,0,0,0,0,0,0,0,0,0
869,14294.jpg,1,0,0,0,1,0,0,0,0,0,0,0,0,0,0,0,0,0
870,14308.jpg,0,0,0,0,0,0,1,0,0,0,0,0,0,0,0,0,0,0
871,14322.jpg,1,0,0,0,0,0,1,0,0,0,0,0,0,0,0,0,0,0
872,14336.jpg,0,0,0,0,1,0,1,0,0,0,0,0,0,0,0,0,0,0
873,14350.jpg,0,0,1,0,1,0,1,0,0,0,0,0,0,0,0,0,0,0
874,14364.jpg,1,0,1,0,0,0,1,0,0,0,0,0,0,0,0,0,0,0
875,14378.jpg,1,0,1,0,1,0,0,0,0,0,0,0,0,0,0,0,0,0
876,14392.jpg,2,0,2,0,1,0,0,0,0,0,0,0,0,0,0,0,0,0
877,14406.jpg,1,0,0,0,0,0,1,0,0,0,0,0,0,0,0,0,0,0
878,14420.jpg,2,0,0,0,1,0,0,0,0,0,0,0,0,0,0,0,0,0
879,14434.jpg,2,0,0,0,0,0,1,0,0,0,0,0,0,0,0,0,0,0
880,14448.jpg,2,0,0,0,0,0,1,0,0,0,0,0,0,0,0,0,0,0
881,14462.jpg,3,0,1,0,0,0,0,0,0,0,0,0,0,0,0,0,0,0
882,14476.jpg,2,0,1,0,1,0,1,0,0,0,0,0,0,0,0,0,0,0
883,14490.jpg,2,0,2,0,0,0,1,0,0,0,0,0,0,0,0,0,0,0
884,14518.jpg,2,0,1,0,0,0,1,0,0,0,0,0,0,0,0,0,0,0
885,14546.jpg,2,0,0,0,0,0,0,0,0,0,0,0,0,0,0,0,0,0
886,14560.jpg,2,0,1,0,0,0,1,0,0,0,0,0,0,0,0,0,0,0
887,14574.jpg,4,0,2,0,0,0,1,0,0,0,0,0,0,0,0,0,0,0
888,14588.jpg,3,0,1,0,0,0,0,0,0,0,0,0,0,0,0,0,0,0
889,14602.jpg,2,0,0,0,0,0,0,0,0,0,0,0,0,0,0,0,0,0
890,14616.jpg,2,0,0,0,0,0,0,0,0,0,0,0,0,0,0,0,0,0
891,14630.jpg,4,0,0,0,0,0,0,0,0,0,0,0,0,0,0,1,0,0
892,14980.jpg,1,0,3,0,0,0,0,0,0,0,0,0,0,0,0,0,0,0
893,14994.jpg,1,0,5,0,0,0,0,0,0,0,0,0,0,0,0,0,0,0
894,15008.jpg,1,0,4,0,0,0,0,0,0,0,0,0,0,0,0,0,0,0
895,15022.jpg,0,0,3,0,0,0,0,0,0,0,0,0,0,0,0,0,0,0
896,15036.jpg,0,0,2,0,0,0,0,0,0,0,0,0,0,0,0,0,0,0
897,15050.jpg,1,0,2,0,0,0,0,0,0,0,0,0,0,0,0,0,0,0
898,15064.jpg,1,0,4,0,0,0,0,0,0,0,0,0,0,0,0,0,0,0
899,15078.jpg,2,0,1,0,0,0,0,0,0,0,0,0,0,0,0,1,0,0
900,15092.jpg,2,0,1,0,0,0,0,0,0,0,0,0,0,0,0,1,0,0
901,15106.jpg,1,0,1,0,0,0,0,0,0,0,0,0,1,0,0,0,0,0
902,15120.jpg,2,0,0,0,0,0,0,0,0,0,0,0,0,0,0,0,0,0
903,15134.jpg,1,0,0,0,0,0,0,0,0,0,0,0,1,0,0,0,0,0
904,15148.jpg,1,0,1,0,0,0,0,0,0,0,0,0,0,0,0,0,0,0
905,15162.jpg,1,0,0,0,0,0,0,0,0,0,0,0,0,0,0,0,0,0
906,15176.jpg,2,0,0,0,0,0,0,0,0,0,0,0,0,0,0,0,0,0
907,15190.jpg,1,0,0,0,0,0,0,0,0,0,0,0,0,0,0,0,0,0
908,15204.jpg,2,0,0,0,0,0,0,0,0,0,0,0,0,0,0,0,0,0
909,15218.jpg,2,0,0,0,0,0,0,0,0,0,0,0,0,0,0,0,0,0
910,15232.jpg,2,0,0,0,0,0,0,0,0,0,0,0,0,0,0,0,0,0
911,15246.jpg,4,0,0,0,0,0,0,0,0,0,0,0,0,0,0,0,0,0
912,15260.jpg,2,0,0,0,0,0,0,0,0,0,0,0,0,0,0,0,0,0
913,15288.jpg,2,0,0,0,0,0,0,0,0,0,0,0,0,0,0,0,0,0
914,15386.jpg,1,0,2,0,0,0,0,0,0,0,0,0,0,0,0,0,0,0
915,15400.jpg,1,0,2,0,0,0,0,0,0,0,0,0,0,0,0,0,0,0
916,15414.jpg,0,0,2,0,0,0,0,0,0,0,0,0,0,0,0,0,0,0
917,15428.jpg,0,0,1,0,0,0,0,0,0,0,0,0,0,0,0,0,0,0
918,15442.jpg,0,0,3,0,0,0,0,0,0,0,0,0,0,0,0,0,0,0
919,15456.jpg,1,0,1,0,0,0,0,0,0,0,0,0,0,0,0,0,0,0
920,15484.jpg,1,0,0,0,0,0,0,0,0,0,0,0,0,0,0,0,0,0
921,15582.jpg,0,0,1,0,0,0,0,0,0,0,0,0,0,0,0,0,0,0
922,15596.jpg,0,0,1,0,0,0,0,0,0,0,0,0,0,0,0,0,0,0
923,15624.jpg,0,0,2,0,0,0,0,0,0,0,0,0,0,0,0,0,0,0
924,15638.jpg,0,0,1,0,0,0,0,0,0,0,0,0,0,0,0,0,0,0
925,15680.jpg,0,0,2,0,0,0,0,0,0,0,0,0,0,0,0,0,0,0
926,15694.jpg,0,0,2,0,0,0,0,0,0,0,0,0,0,0,0,0,0,0
927,15708.jpg,0,0,2,0,0,0,0,0,0,0,0,0,0,0,0,0,0,0
928,15722.jpg,0,0,1,0,0,0,0,0,0,0,0,0,0,0,0,0,0,0
929,15736.jpg,0,0,1,0,0,0,0,0,0,0,0,0,0,0,0,0,0,0
930,15750.jpg,0,0,2,0,0,0,0,0,0,0,0,0,0,0,0,0,0,0
931,15764.jpg,0,0,1,0,0,0,0,0,0,0,0,0,0,0,0,0,0,0
932,15778.jpg,0,0,1,0,0,0,0,0,0,0,0,0,0,0,0,0,0,0
933,15792.jpg,0,0,2,0,0,0,0,0,0,0,0,0,0,0,0,0,0,0
934,15806.jpg,2,0,2,0,0,0,0,0,0,0,0,0,0,0,0,1,0,0
935,15834.jpg,1,0,1,0,0,0,0,0,0,0,0,0,1,0,0,0,0,0
936,15848.jpg,1,0,1,0,0,0,0,0,0,0,0,0,0,0,0,1,0,0
937,15862.jpg,1,0,3,0,0,0,0,0,0,0,0,0,0,0,0,0,0,0
938,15876.jpg,1,0,3,0,0,0,0,0,0,0,0,0,0,0,0,0,0,0
939,15890.jpg,1,0,2,0,0,0,0,0,0,0,0,0,1,0,0,0,0,0
940,16058.jpg,5,0,1,0,0,0,0,0,0,0,0,0,0,0,0,0,0,0
941,16072.jpg,3,0,1,0,0,0,0,0,0,0,0,0,0,0,0,0,0,0
942,16086.jpg,4,0,1,0,0,0,0,0,0,0,0,0,0,0,0,0,0,0
943,16100.jpg,3,1,0,0,0,0,0,0,0,0,0,0,0,0,0,0,0,0
944,16114.jpg,4,0,1,0,0,0,0,0,0,0,0,0,0,0,0,0,0,0
945,16128.jpg,5,0,1,0,0,0,0,0,0,0,0,0,0,0,0,0,0,0
946,16142.jpg,5,0,2,0,0,0,0,0,0,0,0,0,0,0,0,0,0,0
947,16156.jpg,7,0,2,0,0,0,1,0,0,0,0,0,0,0,0,0,0,0
948,16170.jpg,4,0,3,0,0,0,0,0,0,0,0,0,0,0,0,0,0,0
949,16184.jpg,2,0,4,0,0,0,0,0,0,0,0,0,0,0,0,0,0,0
950,16198.jpg,2,0,2,0,0,0,0,0,0,0,0,0,0,0,0,0,0,0
951,16212.jpg,2,0,3,0,0,0,0,0,0,0,0,0,0,0,0,0,0,0
952,16226.jpg,0,0,2,0,0,0,0,0,0,0,0,0,0,0,0,0,0,0
953,16240.jpg,1,0,0,0,0,0,0,0,0,0,0,0,0,0,0,0,0,0
954,16254.jpg,1,0,2,0,0,0,0,0,0,0,0,0,0,0,0,0,0,0
955,16268.jpg,2,0,3,0,0,0,0,0,0,0,0,0,0,0,0,0,0,0
956,16282.jpg,0,0,1,0,0,0,0,0,0,0,0,0,0,0,0,0,0,0
957,16296.jpg,0,0,2,0,0,0,0,0,0,0,0,0,0,0,0,0,0,0
958,16310.jpg,0,0,1,0,0,0,0,0,0,0,0,0,0,0,0,0,0,0
959,16352.jpg,1,0,0,0,0,0,0,0,0,0,0,0,0,0,0,0,0,0
960,16366.jpg,1,0,0,0,0,0,0,0,0,0,0,0,0,0,0,0,0,0
961,16394.jpg,0,0,2,0,0,0,0,0,0,0,0,0,0,0,0,0,0,0
962,16408.jpg,0,0,2,0,0,0,0,0,0,0,0,0,0,0,0,0,0,0
963,16422.jpg,0,0,3,0,0,0,0,0,0,0,0,0,0,0,0,0,0,0
964,16436.jpg,0,0,3,0,0,0,0,0,0,0,0,0,0,0,0,0,0,0
965,16450.jpg,0,0,2,0,0,0,0,0,0,0,0,0,0,0,0,0,0,0
966,16464.jpg,0,0,1,0,0,0,0,0,0,0,0,0,0,0,0,0,0,0
967,16520.jpg,0,0,1,0,0,0,0,0,0,0,0,0,0,0,0,0,0,0
968,16534.jpg,1,0,1,0,0,0,0,0,0,0,0,0,0,0,0,1,0,0
969,16548.jpg,2,0,2,0,0,0,0,0,0,0,0,0,1,0,0,0,0,0
970,16562.jpg,4,0,1,0,0,0,0,0,0,0,0,0,1,0,0,0,0,0
971,16576.jpg,4,0,1,0,0,0,0,0,0,0,0,0,3,0,0,0,0,0
972,16590.jpg,4,0,1,0,0,0,0,0,0,0,0,0,1,0,0,0,0,0
973,16604.jpg,3,0,0,0,0,0,0,0,0,0,0,0,0,0,0,0,0,0
974,16618.jpg,5,0,0,0,0,0,0,0,0,0,0,0,0,0,0,0,0,0
975,16632.jpg,8,0,0,0,0,0,0,0,0,0,0,0,0,0,0,0,0,0
976,16646.jpg,6,0,0,0,0,0,0,0,0,0,0,0,0,0,0,0,0,0
977,16660.jpg,4,0,0,0,0,0,0,0,0,0,0,0,0,0,0,0,0,0
978,16674.jpg,5,0,0,0,0,0,0,0,0,0,0,0,0,0,0,0,0,0
979,16688.jpg,3,0,1,0,0,0,0,0,0,0,0,0,0,0,0,0,0,0
980,16702.jpg,2,0,3,1,0,0,0,0,0,0,0,0,0,0,0,0,0,0
981,16716.jpg,0,0,3,0,0,0,0,0,0,0,0,0,0,0,0,0,0,0
982,16730.jpg,3,1,3,0,0,0,0,0,0,0,0,0,0,0,0,0,0,0
983,16744.jpg,0,0,4,0,0,0,1,0,0,0,0,0,0,0,0,0,0,0
984,16758.jpg,0,0,3,0,0,0,1,0,0,0,0,0,0,0,0,0,0,0
985,16772.jpg,0,0,3,0,0,0,0,0,0,0,0,0,0,0,0,0,0,0
986,16786.jpg,3,0,3,0,0,0,0,0,0,0,0,0,0,0,0,0,0,0
987,16800.jpg,0,0,3,0,0,0,0,0,0,0,0,0,0,0,0,0,0,0
988,16814.jpg,0,0,3,0,0,0,0,0,0,0,0,0,0,0,0,0,0,0
989,16828.jpg,0,0,3,0,0,0,0,0,0,0,0,0,0,0,0,0,0,0
990,16842.jpg,1,0,1,0,0,0,0,0,0,0,0,0,0,0,0,0,0,0
991,16856.jpg,0,0,1,0,0,0,0,0,0,0,0,0,0,0,0,0,0,0
992,16870.jpg,1,0,0,0,0,0,0,0,0,0,0,0,0,0,0,0,0,0
993,16884.jpg,1,0,1,0,0,0,0,0,0,0,0,0,0,0,0,0,0,0
994,16898.jpg,1,0,2,0,0,0,0,0,0,0,0,0,0,0,0,0,0,0
995,16912.jpg,1,0,2,0,0,0,0,0,0,0,0,0,0,0,0,0,0,0
996,16996.jpg,1,0,2,0,0,0,0,0,0,0,0,0,0,0,0,0,0,0
997,17010.jpg,2,0,2,0,0,0,0,0,0,1,0,0,0,0,0,0,0,0
998,17024.jpg,2,0,3,0,0,0,0,0,0,0,0,0,0,0,0,0,0,0
999,17038.jpg,2,0,3,0,0,0,0,0,0,0,0,0,0,0,0,0,0,0
1000,17052.jpg,2,0,2,0,0,0,0,0,0,0,0,0,0,0,0,0,0,0
1001,17066.jpg,1,0,1,0,0,0,0,0,0,0,0,0,0,0,0,0,0,0
1002,17080.jpg,1,0,1,0,0,0,0,0,0,0,0,0,0,0,0,0,0,0
1003,17094.jpg,2,0,1,0,0,0,0,0,0,0,0,0,0,0,0,0,0,0
1004,17108.jpg,2,0,3,0,0,0,0,0,0,0,0,0,0,0,0,0,0,0
1005,17150.jpg,1,0,1,0,0,0,0,0,0,0,0,0,0,0,0,0,0,0
1006,17164.jpg,2,0,1,0,0,0,0,0,0,0,0,0,0,0,0,0,0,0
1007,17178.jpg,2,0,2,0,0,0,0,0,0,0,0,0,0,0,0,0,0,0
1008,17192.jpg,2,0,2,0,0,0,0,0,0,0,0,0,0,0,0,0,0,0
1009,17206.jpg,3,0,1,0,0,0,0,0,0,0,0,0,0,0,0,0,0,0
1010,17220.jpg,2,0,3,0,0,0,0,0,0,0,0,0,0,0,0,0,0,0
1011,17234.jpg,2,0,3,0,0,0,0,0,0,0,0,0,0,0,0,0,0,0
1012,17248.jpg,2,0,2,0,0,0,0,0,0,0,0,0,0,0,0,0,0,0
1013,17262.jpg,0,0,3,0,0,0,0,0,0,0,0,0,0,0,0,0,0,0
1014,17276.jpg,2,0,1,0,0,0,0,0,0,0,0,0,0,0,0,1,0,0
1015,17290.jpg,7,0,1,0,0,0,0,0,0,0,0,0,0,0,0,2,0,0
1016,17304.jpg,7,0,1,0,0,0,0,0,0,0,0,1,0,0,0,2,0,0
1017,17318.jpg,5,0,1,0,0,0,0,0,0,0,0,1,0,0,0,1,0,0
1018,17332.jpg,9,0,0,0,0,0,0,0,0,0,0,0,0,0,0,0,0,0
1019,17346.jpg,5,0,1,0,0,0,0,0,0,0,0,0,0,0,0,0,0,0
1020,17360.jpg,5,0,0,0,0,0,0,0,0,2,0,0,0,0,0,0,0,0
1021,17374.jpg,7,0,1,0,0,0,0,0,0,0,0,0,0,0,0,0,0,0
1022,17388.jpg,5,0,2,0,0,0,0,0,0,0,0,0,0,0,0,0,0,0
1023,17472.jpg,4,0,5,0,0,0,0,0,0,1,0,0,0,0,0,0,0,0
1024,17486.jpg,3,0,4,0,0,0,0,0,0,1,0,0,0,0,0,0,0,0
1025,17500.jpg,5,0,4,0,0,0,0,0,0,1,0,0,0,0,0,0,0,0
1026,17514.jpg,2,0,4,0,0,0,0,0,0,0,0,0,0,0,0,0,0,0
1027,17528.jpg,3,0,4,0,0,0,0,0,0,0,0,0,0,0,0,4,0,0
1028,17654.jpg,8,0,3,0,0,0,0,0,0,0,0,0,0,0,0,0,0,0
1029,17668.jpg,7,0,4,0,0,0,0,0,0,0,0,1,2,0,0,0,0,0
1030,17682.jpg,9,0,6,0,0,0,0,0,0,0,0,1,4,0,0,0,0,0
1031,17710.jpg,8,0,7,0,0,0,0,0,0,0,0,1,0,0,0,0,0,0
1032,17724.jpg,10,0,2,0,0,0,0,0,0,0,0,0,0,0,0,0,0,0
1033,17738.jpg,7,0,2,0,0,0,0,0,0,0,0,0,0,0,0,0,0,0
1034,17752.jpg,6,0,2,0,0,0,0,0,0,0,0,0,0,0,0,0,0,0
1035,17766.jpg,7,0,2,0,0,0,0,0,0,0,0,0,0,0,0,0,0,0
1036,17780.jpg,6,0,3,0,0,0,0,0,0,0,0,0,0,0,0,0,0,0
1037,17794.jpg,5,0,2,0,0,0,0,0,0,0,0,0,0,0,0,0,0,0
1038,17808.jpg,7,0,2,0,0,0,0,0,0,0,0,0,0,0,0,0,0,0
1039,17822.jpg,6,0,2,0,0,0,0,0,0,0,0,0,1,0,0,0,0,0
1040,17836.jpg,9,0,2,0,0,0,0,0,0,0,0,0,0,0,0,0,0,0
1041,17850.jpg,5,0,4,0,0,0,0,0,0,0,0,0,0,0,0,0,0,0
1042,17864.jpg,8,0,3,0,0,0,0,0,0,0,0,0,1,1,0,0,0,0
1043,17878.jpg,5,0,3,0,0,0,0,0,0,1,0,0,0,0,0,2,0,0
1044,17892.jpg,4,0,2,0,0,0,0,0,0,0,0,0,0,0,0,0,0,0
1045,17906.jpg,3,0,3,0,0,0,0,0,0,0,0,0,0,0,0,0,0,0
1046,17948.jpg,3,0,4,0,0,0,0,0,0,0,0,0,0,0,0,0,0,0
1047,17962.jpg,3,0,4,0,0,0,0,0,0,0,0,0,0,0,0,0,0,0
1048,17976.jpg,0,0,3,0,0,0,0,0,0,0,0,0,0,0,0,0,0,0
1049,17990.jpg,1,0,4,0,0,0,0,0,0,0,0,0,0,0,0,0,0,0
1050,18004.jpg,0,0,4,0,0,0,0,0,0,0,0,0,0,0,0,0,0,0
1051,18018.jpg,0,0,3,0,0,0,0,0,0,0,0,0,0,0,0,0,0,0
1052,18032.jpg,0,0,5,0,0,0,0,0,0,0,0,0,0,0,0,0,0,0
1053,18046.jpg,0,0,2,0,0,0,0,0,0,0,0,0,0,0,0,0,0,0
1054,18060.jpg,1,0,3,0,0,0,0,0,0,0,0,0,0,0,0,0,0,0
1055,18074.jpg,2,0,4,0,0,0,0,0,0,0,0,0,0,0,0,0,0,0
1056,18088.jpg,1,0,4,0,0,0,0,0,0,0,0,0,0,0,0,0,0,0
1057,18172.jpg,2,0,3,0,0,0,0,0,0,0,0,0,0,0,0,0,0,0
1058,18186.jpg,3,0,3,0,0,0,0,0,0,1,0,0,0,0,0,2,0,0
1059,18200.jpg,3,0,2,0,0,0,0,0,0,0,0,1,0,0,0,2,0,0
1060,18214.jpg,4,0,5,0,0,0,0,0,0,0,0,0,0,0,0,0,0,0
1061,18228.jpg,2,0,3,0,0,0,0,0,0,0,0,1,0,0,0,0,0,0
1062,18242.jpg,2,0,5,0,0,0,0,0,0,0,0,1,0,0,0,0,0,0
1063,18256.jpg,1,0,4,0,0,0,0,0,0,1,0,1,0,0,0,0,0,0
1064,18270.jpg,1,0,4,0,0,0,0,0,0,0,0,1,0,0,0,0,0,0
1065,18284.jpg,1,0,4,0,0,0,0,0,0,0,0,1,0,0,0,0,0,0
1066,18298.jpg,1,0,2,0,0,0,0,0,0,0,0,1,0,0,0,0,0,0
1067,18312.jpg,2,0,3,0,0,0,0,0,0,1,0,1,0,0,0,0,0,0
1068,18326.jpg,3,0,2,0,0,0,0,0,0,0,0,1,0,0,0,0,0,0
1069,18340.jpg,4,0,2,0,0,0,0,0,0,0,0,1,0,0,0,0,0,0
1070,18354.jpg,5,0,2,0,0,0,0,0,0,0,0,0,0,0,0,1,0,0
1071,18368.jpg,7,0,2,0,0,0,0,0,0,0,0,0,0,0,0,0,0,0
1072,18382.jpg,5,0,5,0,0,0,0,0,0,0,0,0,0,0,0,0,0,0
1073,18396.jpg,6,0,3,0,0,0,0,0,0,0,0,0,0,0,0,0,0,0
1074,18634.jpg,4,0,6,0,0,0,0,0,0,0,0,0,0,0,0,0,0,0
1075,18648.jpg,4,0,6,0,0,0,0,0,0,0,0,0,0,0,0,0,0,0
1076,18662.jpg,4,0,6,0,0,0,0,0,0,0,0,0,0,0,0,0,0,0
1077,18676.jpg,3,0,6,0,0,0,0,0,0,0,0,0,0,0,0,0,0,0
1078,18690.jpg,3,0,7,0,0,0,0,0,0,0,0,0,0,0,0,0,0,0
1079,18704.jpg,2,0,7,0,0,0,0,0,0,0,0,0,0,0,0,0,0,0
1080,18718.jpg,2,0,7,0,0,0,0,0,0,0,0,0,0,0,0,0,0,0
1081,18732.jpg,2,0,8,0,0,0,0,0,0,0,0,0,0,0,0,0,0,0
1082,18746.jpg,0,0,7,0,0,0,0,0,0,0,0,0,0,0,0,0,0,0
1083,18760.jpg,0,0,5,0,0,0,0,0,0,0,0,0,0,0,0,0,0,0
1084,18774.jpg,1,0,8,0,0,0,0,0,0,0,0,0,0,0,0,0,0,0
1085,18788.jpg,0,0,8,0,0,0,0,0,0,0,0,0,0,0,0,0,0,0
1086,18802.jpg,1,0,7,0,0,0,0,0,0,0,0,0,0,0,0,0,0,0
1087,18816.jpg,0,0,10,0,0,0,0,0,0,0,0,0,0,0,0,0,0,0
1088,18830.jpg,1,0,8,0,0,0,0,0,0,0,0,0,0,0,0,0,0,0
1089,18844.jpg,4,0,8,0,0,0,0,0,0,0,0,0,0,0,0,1,0,0
1090,18858.jpg,4,0,7,0,0,0,0,0,0,0,0,0,0,0,0,2,0,0
1091,18872.jpg,7,0,6,0,0,0,0,0,0,0,0,0,0,0,0,1,0,0
1092,18886.jpg,6,0,5,0,0,0,0,0,0,0,0,1,0,0,0,0,0,0
1093,18900.jpg,5,0,5,0,0,0,0,0,0,0,0,0,0,0,0,3,0,0
1094,18914.jpg,6,0,4,0,0,0,0,0,0,0,0,2,1,0,0,0,0,0
1095,18928.jpg,6,0,5,0,0,0,0,0,0,0,0,1,0,0,0,0,0,0
1096,18942.jpg,6,1,5,0,0,0,0,0,0,0,0,0,1,0,0,0,0,0
1097,18956.jpg,5,0,3,0,0,0,0,0,0,0,0,0,0,0,0,0,0,0
1098,18970.jpg,5,0,4,0,0,0,0,0,0,0,0,1,0,0,0,0,0,0
1099,18984.jpg,3,0,7,0,0,0,0,0,0,0,0,0,0,0,0,0,0,0
1100,18998.jpg,4,0,7,0,0,0,0,0,0,0,0,0,0,0,0,0,0,0
1101,19012.jpg,4,0,4,0,0,0,0,0,0,0,0,0,0,0,0,0,0,0
1102,19026.jpg,3,0,6,0,0,0,0,0,0,0,0,0,0,0,0,0,0,0
1103,19040.jpg,3,0,7,0,0,0,0,0,0,0,0,0,0,0,0,0,0,0
1104,19054.jpg,5,0,6,0,0,0,0,0,0,0,0,0,0,0,0,0,0,0
1105,19068.jpg,3,0,4,0,0,0,0,0,0,0,0,0,0,0,0,0,0,0
1106,19110.jpg,0,0,4,0,0,0,0,0,0,0,0,0,0,0,0,0,0,0
1107,19124.jpg,0,0,4,0,0,0,0,0,0,0,0,0,0,0,0,0,0,0
1108,19138.jpg,1,0,5,0,0,0,0,0,0,0,0,0,0,0,0,0,0,0
1109,19152.jpg,1,0,5,0,0,0,0,0,0,0,0,0,0,0,0,0,0,0
1110,19166.jpg,0,0,4,0,0,0,0,0,0,0,0,0,0,0,0,0,0,0
1111,19180.jpg,0,0,5,0,0,0,0,0,0,0,0,0,0,0,0,0,0,0
1112,19194.jpg,0,0,6,0,0,0,0,0,0,0,0,0,0,0,0,0,0,0
1113,19208.jpg,0,0,5,0,0,0,0,0,0,0,0,0,0,0,0,0,0,0
1114,19222.jpg,0,0,6,0,0,0,0,0,0,0,0,0,0,0,0,0,0,0
1115,19236.jpg,0,0,7,0,0,0,0,0,0,0,0,0,0,0,0,0,0,0
1116,19292.jpg,0,0,6,0,0,0,0,0,0,0,0,0,0,0,0,0,0,0
1117,19306.jpg,0,0,9,0,0,0,0,0,0,0,0,0,0,0,0,0,0,0
1118,19320.jpg,0,0,11,0,0,0,0,0,0,0,0,0,0,0,0,0,0,0
1119,19334.jpg,0,0,7,0,0,0,0,0,0,0,0,0,0,0,0,0,0,0
1120,19348.jpg,0,0,13,0,0,0,0,0,0,0,0,0,0,0,0,0,0,0
1121,19418.jpg,0,0,11,0,0,0,0,0,0,0,0,0,0,0,0,0,0,0
1122,19432.jpg,0,0,9,0,0,0,0,0,0,0,0,0,0,0,0,0,0,0
1123,19446.jpg,0,0,8,0,0,0,0,0,0,0,0,0,0,0,0,0,0,0
1124,19460.jpg,0,0,8,0,0,0,0,0,0,0,0,0,0,0,0,0,0,0
1125,19474.jpg,0,0,7,0,0,0,0,0,0,0,0,0,0,0,0,0,0,0
1126,19488.jpg,0,0,8,0,0,0,0,0,0,0,0,0,0,0,0,0,0,0
1127,19530.jpg,0,0,7,0,0,0,0,0,0,0,0,0,0,0,0,0,0,0
1128,19544.jpg,0,0,8,0,0,0,0,0,0,0,0,0,0,0,0,0,0,0
1129,19558.jpg,0,0,7,0,0,0,0,0,0,0,0,0,0,0,0,0,0,0
1130,19572.jpg,0,0,6,0,0,0,0,0,0,0,0,0,0,0,0,0,0,0
1131,19586.jpg,0,0,8,0,0,0,0,0,0,1,0,0,0,0,0,0,0,0
1132,19600.jpg,1,0,5,0,0,0,0,0,0,0,0,1,0,0,0,0,0,0
1133,19614.jpg,2,0,7,0,0,0,0,0,0,0,0,1,0,0,0,0,0,0
1134,19628.jpg,3,0,10,0,0,0,0,0,0,0,0,1,0,0,0,1,0,0
1135,19642.jpg,2,0,8,0,0,0,0,0,0,0,0,1,0,0,0,0,0,0
1136,19656.jpg,2,0,9,0,0,0,0,0,0,0,0,1,0,0,0,0,0,0
1137,19670.jpg,2,0,8,0,0,0,0,0,0,0,0,0,0,0,0,0,0,0
1138,19684.jpg,2,0,7,0,0,0,0,0,0,0,0,0,0,0,0,0,0,0
1139,19698.jpg,1,0,10,0,0,0,0,0,0,0,0,0,0,0,0,0,0,0
1140,19712.jpg,0,0,9,0,0,0,0,0,0,0,0,0,0,0,0,0,0,0
1141,19726.jpg,0,0,10,0,0,0,0,0,0,0,0,0,0,0,0,0,0,0
1142,19740.jpg,0,0,12,0,0,0,0,0,0,0,0,0,0,0,0,0,0,0
1143,19754.jpg,0,0,11,0,0,0,0,0,0,0,0,0,0,0,0,0,0,0
1144,19768.jpg,0,0,7,0,0,0,0,0,0,1,0,0,0,0,0,0,0,0
1145,19782.jpg,0,0,7,0,0,0,0,0,0,1,0,0,0,0,0,0,0,0
1146,19796.jpg,0,0,7,0,0,0,0,0,0,0,0,0,0,0,0,0,0,0
1147,19810.jpg,0,0,7,0,0,0,0,0,0,0,0,0,0,0,0,0,0,0
1148,19824.jpg,0,0,5,0,0,0,0,0,0,0,0,0,0,0,0,0,0,0
1149,19838.jpg,0,0,7,0,0,0,0,0,0,1,0,0,0,0,0,0,0,0
1150,19852.jpg,0,0,6,0,0,0,0,0,0,0,0,0,0,0,0,0,0,0
1151,19866.jpg,0,0,9,0,0,0,0,0,0,0,0,0,0,0,0,0,0,0
1152,19880.jpg,0,0,5,0,0,0,0,0,0,0,0,0,0,0,0,0,0,0
1153,19936.jpg,0,0,6,0,0,0,0,0,0,0,0,0,0,0,0,0,0,0
1154,20118.jpg,4,0,4,0,0,0,0,0,0,0,0,0,0,0,0,0,0,0
1155,20132.jpg,4,0,4,0,0,0,0,0,0,0,0,0,0,0,0,1,0,0
1156,20146.jpg,4,0,3,0,0,0,0,0,0,0,0,0,0,0,0,0,0,0
1157,20160.jpg,4,0,3,0,0,0,0,0,0,0,0,0,0,0,0,0,0,0
1158,20174.jpg,5,0,2,0,0,0,0,0,0,0,0,0,0,0,0,1,0,0
1159,20188.jpg,4,0,3,0,0,0,0,0,0,0,0,0,0,0,0,0,0,0
1160,20202.jpg,3,0,3,0,0,0,0,0,0,0,0,0,0,0,0,0,0,0
1161,20216.jpg,3,0,2,0,0,0,0,0,0,0,0,0,0,0,0,0,0,0
1162,20230.jpg,4,0,3,0,0,0,0,0,0,0,0,0,0,0,0,0,0,0
1163,20244.jpg,4,0,3,0,0,0,0,0,0,0,0,0,0,0,0,0,0,0
1164,20258.jpg,2,0,3,0,0,0,0,0,0,0,0,0,0,0,0,0,0,0
1165,20272.jpg,5,0,3,0,0,0,0,0,0,0,0,0,0,0,0,0,0,0
1166,20286.jpg,3,0,2,0,0,0,0,0,0,0,0,0,0,0,0,0,0,0
1167,20300.jpg,2,0,5,0,0,0,0,0,0,0,0,0,0,0,0,0,0,0
1168,20314.jpg,3,0,2,0,0,0,0,0,0,0,0,0,0,0,0,0,0,0
1169,20328.jpg,2,0,5,0,0,0,0,0,0,0,0,0,0,0,0,0,0,0
1170,20342.jpg,2,0,2,0,0,0,0,0,0,0,0,0,0,0,0,0,0,0
1171,20356.jpg,2,0,4,0,0,0,0,0,0,1,0,0,0,0,0,0,0,0
1172,20370.jpg,2,0,4,0,0,0,0,0,0,0,0,0,0,0,0,0,0,0
1173,20468.jpg,0,0,6,0,0,0,0,0,0,0,0,0,0,0,0,0,0,0
1174,20482.jpg,0,0,5,0,0,0,0,0,0,0,0,0,0,0,0,0,0,0
1175,20496.jpg,0,0,3,0,0,0,0,0,0,0,0,0,0,0,0,0,0,0
1176,20510.jpg,0,0,5,0,0,0,0,0,0,0,0,0,0,0,0,0,0,0
1177,20524.jpg,0,0,5,0,0,0,0,0,0,0,0,0,0,0,0,0,0,0
1178,20538.jpg,1,0,6,0,0,0,0,0,0,0,0,0,0,0,0,0,0,0
1179,20552.jpg,1,0,7,0,0,0,0,0,0,0,0,0,0,0,0,0,0,0
1180,20566.jpg,1,0,4,0,0,0,0,0,0,0,0,0,0,0,0,0,0,0
1181,20580.jpg,1,0,6,0,0,0,0,0,0,0,0,0,0,0,0,0,0,0
1182,20622.jpg,0,0,8,0,0,0,0,0,0,0,0,0,0,0,0,0,0,0
1183,20650.jpg,1,0,2,0,0,0,0,0,0,0,0,0,0,0,0,0,0,0
1184,20664.jpg,1,0,5,0,0,0,0,0,0,0,0,0,0,0,0,0,0,0
1185,20678.jpg,0,0,2,0,0,0,0,0,0,0,0,0,0,0,0,0,0,0
1186,20692.jpg,1,0,2,0,0,0,0,0,0,0,0,0,0,0,0,0,0,0
1187,20720.jpg,2,0,4,0,0,0,0,0,0,1,0,0,0,0,0,0,0,0
1188,20734.jpg,2,0,5,0,0,0,0,0,0,0,0,0,0,0,0,0,0,0
1189,20748.jpg,2,0,4,0,0,0,0,0,0,0,0,0,0,0,0,0,0,0
1190,20762.jpg,1,0,7,0,0,0,0,0,0,0,0,0,0,0,0,0,0,0
1191,20958.jpg,5,0,4,0,0,0,1,0,0,0,0,1,0,0,0,0,0,0
1192,20986.jpg,4,0,2,0,0,0,1,0,0,0,0,0,0,0,0,0,0,0
1193,21000.jpg,3,0,0,0,0,0,0,0,0,0,0,0,0,0,0,0,0,0
1194,21014.jpg,5,0,1,0,0,0,0,0,0,0,0,0,0,0,0,0,0,0
1195,21028.jpg,4,0,4,0,0,0,0,0,0,0,0,0,0,0,0,0,0,0
1196,21042.jpg,4,0,3,0,0,0,0,0,0,0,0,0,0,0,0,0,0,0
1197,21056.jpg,4,0,2,0,0,0,0,0,0,0,0,0,0,0,0,0,0,0
1198,21070.jpg,6,0,6,0,0,0,0,0,0,0,0,0,0,0,0,0,0,0
1199,21084.jpg,5,0,5,0,0,0,0,0,0,0,0,0,0,0,0,0,0,0
1200,21098.jpg,4,0,5,0,0,0,0,0,0,0,0,0,0,0,0,0,0,0
1201,21112.jpg,1,0,5,0,0,0,0,0,0,0,0,0,0,0,0,0,0,0
1202,21154.jpg,3,0,4,0,0,0,0,0,0,0,0,0,0,0,0,0,0,0
1203,21168.jpg,3,0,7,0,0,0,0,0,0,0,0,0,0,0,0,0,0,0
1204,21182.jpg,4,0,5,0,0,0,0,0,0,0,0,0,0,0,0,0,0,0
1205,21252.jpg,2,0,7,0,0,0,0,0,0,1,0,0,0,0,0,0,0,0
1206,21266.jpg,3,0,6,0,0,0,0,0,0,1,0,0,0,0,0,0,0,0
1207,21280.jpg,4,0,6,0,0,0,0,0,0,0,0,1,0,0,0,0,0,0
1208,21294.jpg,5,0,10,0,0,0,0,0,0,0,0,1,0,0,0,1,0,0
1209,21308.jpg,4,0,7,0,0,0,0,0,0,0,0,1,1,0,0,0,0,0
1210,21322.jpg,1,0,6,0,0,0,0,0,0,0,0,0,1,0,0,0,0,0
1211,21336.jpg,1,0,6,0,0,0,0,0,0,0,0,0,2,0,0,0,0,0
1212,21350.jpg,1,0,7,0,0,0,0,0,0,0,0,0,0,0,0,0,0,0
1213,21364.jpg,1,0,5,0,0,0,0,0,0,0,0,0,0,0,0,0,0,0
1214,21378.jpg,1,0,7,0,0,0,0,0,0,0,0,0,0,0,0,0,0,0
1215,21392.jpg,1,0,6,0,0,0,0,0,0,0,0,0,0,0,0,0,0,0
1216,21406.jpg,1,0,3,0,0,0,0,0,0,0,0,0,0,0,0,0,0,0
1217,21420.jpg,1,0,3,0,0,0,1,0,0,0,0,0,0,0,0,0,0,0
1218,21434.jpg,1,0,5,0,0,0,0,0,0,0,0,0,0,0,0,0,0,0
1219,21448.jpg,0,0,8,0,0,0,0,0,0,0,0,0,0,0,0,0,0,0
1220,21462.jpg,0,0,4,0,0,0,0,0,0,0,0,0,0,0,0,0,0,0
1221,21476.jpg,0,0,4,0,0,0,0,0,0,0,0,0,0,0,0,0,0,0
1222,21490.jpg,0,0,5,0,0,0,0,0,0,0,0,0,0,0,0,0,0,0
1223,21504.jpg,1,0,6,0,0,0,1,0,0,0,0,0,0,0,0,0,0,0
1224,21518.jpg,1,0,5,0,0,0,1,0,0,0,0,0,0,0,0,0,0,0
1225,21532.jpg,0,0,4,0,0,0,1,0,0,0,0,0,0,0,0,0,0,0
1226,21546.jpg,1,0,5,0,0,0,1,0,0,0,0,0,0,0,0,0,0,0
1227,21560.jpg,3,0,3,0,0,0,1,0,0,0,0,1,0,0,0,3,0,0
1228,21602.jpg,4,0,3,0,0,0,1,0,0,0,0,1,0,0,0,0,0,0
1229,21616.jpg,3,0,3,0,0,0,1,0,0,0,1,1,0,0,0,0,0,0
1230,21630.jpg,2,0,2,0,0,0,1,0,0,0,0,0,0,0,0,0,0,0
1231,21644.jpg,6,0,3,0,0,0,1,0,0,0,0,0,0,0,0,0,0,0
1232,21658.jpg,4,0,3,0,0,0,0,0,0,0,0,0,0,0,0,0,0,0
1233,21672.jpg,4,0,4,0,0,0,1,0,0,0,0,0,0,0,0,0,0,0
1234,21686.jpg,4,0,3,0,0,0,0,0,0,0,0,0,0,0,0,0,0,0
1235,21700.jpg,4,0,4,0,0,0,0,0,0,0,0,0,0,0,0,0,0,0
1236,21714.jpg,2,0,4,0,0,0,0,0,0,0,0,0,0,0,0,0,0,0
1237,21728.jpg,3,0,4,0,0,0,0,0,0,0,0,0,0,0,0,0,0,0
1238,21742.jpg,3,0,4,0,0,0,0,0,0,0,0,0,0,0,0,0,0,0
1239,21756.jpg,2,0,4,0,0,0,0,0,0,0,0,0,0,0,0,0,0,0
1240,21770.jpg,0,0,2,0,0,0,0,0,0,0,0,0,0,0,0,0,0,0
1241,21784.jpg,0,0,4,0,0,0,0,0,0,0,0,0,0,0,0,0,0,0
1242,21798.jpg,0,0,4,0,0,0,0,0,0,0,0,0,0,0,0,0,0,0
1243,21812.jpg,0,0,3,0,0,0,0,0,0,0,0,0,0,0,0,0,0,0
1244,21826.jpg,0,0,4,0,0,0,0,0,0,0,0,0,0,0,0,0,0,0
1245,21840.jpg,1,0,2,0,0,0,0,0,0,0,0,0,0,0,0,0,0,0
1246,21854.jpg,0,0,5,0,0,0,0,0,0,0,0,0,0,0,0,0,0,0
1247,21868.jpg,0,0,4,0,0,0,0,0,0,0,0,0,0,0,0,0,0,0
1248,21882.jpg,0,0,5,0,0,0,0,0,0,0,0,0,0,0,0,0,0,0
1249,21896.jpg,0,0,6,0,0,0,0,0,0,0,0,0,0,0,0,0,0,0
1250,21980.jpg,0,0,0,0,1,0,0,0,0,0,0,0,0,0,0,0,0,0
1251,21994.jpg,0,0,1,0,1,0,0,0,0,0,0,0,0,0,0,0,0,0
1252,22050.jpg,0,0,3,0,0,0,1,0,0,0,0,0,0,0,0,0,0,0
1253,22064.jpg,0,0,4,0,1,0,1,0,0,0,0,0,0,0,0,0,0,0
1254,22078.jpg,0,0,4,0,1,0,1,0,0,0,0,0,0,0,0,0,0,0
1255,22092.jpg,0,0,6,0,1,0,0,0,0,0,0,0,0,0,0,0,0,0
1256,22106.jpg,0,0,3,0,1,0,1,0,0,0,0,0,0,0,0,0,0,0
1257,22120.jpg,0,0,6,0,0,0,1,0,0,0,0,0,0,0,0,0,0,0
1258,22134.jpg,0,0,5,0,1,0,1,0,0,0,0,0,0,0,0,0,0,0
1259,22148.jpg,0,0,4,0,0,0,1,0,0,0,0,0,0,0,0,0,0,0
1260,22162.jpg,0,0,7,0,0,0,0,0,0,0,0,0,0,0,0,0,0,0
1261,22176.jpg,0,0,4,0,0,0,1,0,0,0,0,0,0,0,0,0,0,0
1262,22190.jpg,0,0,5,0,0,0,1,0,0,0,0,0,0,0,0,0,0,0
1263,22204.jpg,0,0,6,0,0,0,1,0,0,1,0,0,0,0,0,0,0,0
1264,22218.jpg,0,0,5,0,0,0,0,0,0,0,0,0,0,0,0,0,0,0
1265,22232.jpg,0,0,5,0,0,0,0,0,0,0,0,0,0,0,0,0,0,0
1266,22246.jpg,0,0,5,0,0,0,0,0,0,0,0,0,0,0,0,0,0,0
1267,22260.jpg,0,0,7,0,0,0,1,0,0,0,0,0,0,0,0,0,0,0
1268,22274.jpg,0,0,6,0,0,0,1,0,0,0,0,0,0,0,0,0,0,0
1269,22288.jpg,0,0,8,0,0,0,1,0,0,0,0,0,0,0,0,0,0,0
1270,22302.jpg,0,0,7,0,0,0,1,0,0,0,0,0,0,0,0,0,0,0
1271,22316.jpg,0,0,5,0,0,0,1,0,0,0,0,0,0,0,0,0,0,0
1272,22330.jpg,0,0,7,0,0,0,1,0,0,0,0,0,0,0,0,0,0,0
1273,22372.jpg,0,0,4,0,0,0,1,0,0,0,0,0,0,0,0,0,0,0
1274,22386.jpg,0,0,4,0,0,0,1,0,0,0,0,0,0,0,0,0,0,0
1275,22400.jpg,0,0,4,0,0,0,1,0,0,0,0,0,0,0,0,0,0,0
1276,22414.jpg,0,0,5,0,0,0,2,0,0,0,0,0,0,0,0,0,0,0
1277,22442.jpg,0,0,3,0,0,0,1,0,0,0,0,0,0,0,0,0,0,0
1278,22456.jpg,0,0,6,0,0,0,1,0,0,0,0,0,0,0,0,0,0,0
1279,22470.jpg,0,0,4,0,0,0,1,0,0,0,0,0,0,0,0,0,0,0
1280,22484.jpg,0,0,3,0,0,0,1,0,0,0,0,0,0,0,0,0,0,0
1281,22554.jpg,0,0,5,0,0,0,1,0,0,0,0,0,0,0,0,0,0,0
1282,22568.jpg,0,0,5,0,0,0,1,0,0,0,0,0,0,0,0,0,0,0
1283,22582.jpg,0,0,5,0,0,0,1,0,0,0,0,0,0,0,0,0,0,0
1284,22596.jpg,0,0,7,0,0,0,1,0,0,0,0,0,0,0,0,0,0,0
1285,22610.jpg,0,0,4,0,0,0,1,0,0,0,0,0,0,0,0,0,0,0
1286,22624.jpg,0,0,7,0,0,0,1,0,0,0,0,0,0,0,0,0,0,0
1287,22638.jpg,0,0,8,0,0,0,1,0,0,0,0,0,0,0,0,0,0,0
1288,22652.jpg,0,0,7,0,0,0,1,0,0,0,0,0,0,0,0,0,0,0
1289,22666.jpg,0,0,6,0,0,0,1,0,0,0,0,0,0,0,0,0,0,0
1290,22680.jpg,0,0,5,0,0,0,1,0,0,0,0,0,0,0,0,0,0,0
1291,22694.jpg,0,0,6,0,0,0,1,0,0,0,0,0,0,0,0,0,0,0
1292,22708.jpg,0,0,6,0,0,0,1,0,0,0,0,0,0,0,0,0,0,0
1293,22722.jpg,0,0,5,0,0,0,1,0,0,0,0,0,0,0,0,0,0,0
1294,22736.jpg,0,0,5,0,0,0,1,0,0,0,0,0,0,0,0,0,0,0
1295,22750.jpg,0,0,6,0,0,0,1,0,0,0,0,0,0,0,0,0,0,0
1296,22764.jpg,0,0,6,0,0,0,1,0,0,0,0,0,0,0,0,0,0,0
1297,22778.jpg,0,0,7,0,0,0,1,0,0,0,0,0,0,0,0,0,0,0
1298,22792.jpg,0,0,7,0,0,0,1,0,0,0,0,0,0,0,0,0,0,0
1299,22806.jpg,0,0,7,0,0,0,1,0,0,0,0,0,0,0,0,0,0,0
1300,22988.jpg,0,0,4,0,0,0,0,0,0,0,0,0,0,0,0,0,0,0
1301,23002.jpg,0,0,4,0,0,0,0,0,0,0,0,0,0,0,0,0,0,0
1302,23016.jpg,0,0,2,0,0,0,0,0,0,0,0,0,0,0,0,0,0,0
1303,23030.jpg,0,0,1,0,0,0,0,0,0,0,0,0,0,0,0,0,0,0
1304,23044.jpg,0,0,1,0,0,0,0,0,0,0,0,0,0,0,0,0,0,0
1305,23058.jpg,0,0,1,0,0,0,0,0,0,0,0,0,0,0,0,0,0,0
1306,23072.jpg,0,0,1,0,0,0,0,0,0,0,0,0,0,0,0,0,0,0
1307,23128.jpg,0,0,1,0,0,0,1,0,0,0,0,0,0,0,0,0,0,0
1308,23142.jpg,0,0,2,0,0,0,1,0,0,0,0,0,0,0,0,0,0,0
1309,23156.jpg,0,0,3,0,0,0,1,0,0,0,0,0,0,0,0,0,0,0
1310,23170.jpg,1,0,2,0,0,0,1,0,0,1,0,0,0,0,0,0,0,0
1311,23184.jpg,0,0,3,0,0,0,1,0,0,0,0,0,0,0,0,0,0,0
1312,23198.jpg,0,0,2,0,0,0,1,0,0,0,0,0,0,0,0,0,0,0
1313,23212.jpg,0,0,3,0,0,0,1,0,0,0,0,0,0,0,0,0,0,0
1314,23226.jpg,1,0,3,0,0,0,1,0,0,0,0,0,0,0,0,0,0,0
1315,23240.jpg,3,0,4,0,0,0,1,0,0,0,0,0,0,0,0,0,0,0
1316,23254.jpg,6,0,2,0,0,0,0,0,0,0,0,0,0,0,0,0,0,0
1317,23268.jpg,5,0,3,0,0,0,0,0,0,0,0,0,0,0,0,0,0,0
1318,23282.jpg,4,0,2,0,0,0,1,0,0,0,0,0,0,0,0,0,0,0
1319,23296.jpg,4,0,4,0,0,0,1,0,0,0,0,0,0,0,0,0,0,0
1320,23310.jpg,5,0,2,0,0,0,1,0,0,0,0,0,0,0,0,0,0,0
1321,23324.jpg,5,0,2,0,0,0,1,0,0,0,0,0,0,0,0,1,0,0
1322,23338.jpg,4,0,2,0,0,0,0,0,0,0,0,0,0,0,0,1,0,0
1323,23520.jpg,1,0,3,0,0,0,1,0,0,0,0,0,0,0,0,0,0,0
1324,23534.jpg,1,0,7,0,0,0,0,0,0,0,0,0,0,0,0,0,0,0
1325,23548.jpg,1,0,3,0,0,0,1,0,0,0,0,0,0,0,0,0,0,0
1326,23562.jpg,0,0,4,0,0,0,1,0,0,0,0,0,0,0,0,0,0,0
1327,23576.jpg,0,0,5,0,0,0,1,0,0,0,0,0,0,0,0,0,0,0
1328,23590.jpg,0,0,4,0,0,0,1,0,0,0,0,0,0,0,0,0,0,0
1329,23604.jpg,1,0,3,0,0,0,0,0,0,0,0,0,0,0,0,0,0,0
1330,23618.jpg,1,0,2,0,0,0,0,0,0,0,0,0,0,0,0,0,0,0
1331,23632.jpg,0,0,4,0,0,0,0,0,0,0,0,0,0,0,0,0,0,0
1332,23646.jpg,0,0,5,0,0,0,0,0,0,0,0,0,0,0,0,0,0,0
1333,23660.jpg,0,0,6,0,0,0,1,0,0,0,0,0,0,0,0,0,0,0
1334,23674.jpg,0,0,4,0,0,0,0,0,0,0,0,0,0,0,0,0,0,0
1335,23688.jpg,0,0,5,0,0,0,0,0,0,0,0,0,0,0,0,0,0,0
1336,23702.jpg,0,0,4,0,0,0,0,0,0,0,0,0,0,0,0,0,0,0
1337,23716.jpg,0,0,5,0,0,0,0,0,0,0,0,0,0,0,0,0,0,0
1338,23730.jpg,0,0,6,0,0,0,0,0,0,0,0,0,0,0,0,0,0,0
1339,23744.jpg,0,0,5,0,0,0,0,0,0,0,0,0,0,0,0,0,0,0
1340,23772.jpg,0,0,5,0,0,0,0,0,0,0,0,0,0,0,0,0,0,0
1341,23786.jpg,0,0,6,0,0,0,0,0,0,0,0,0,0,0,0,0,0,0
1342,23800.jpg,0,0,4,0,0,0,0,0,0,0,0,0,0,0,0,0,0,0
1343,23814.jpg,0,0,3,0,0,0,0,0,0,0,0,0,0,0,0,0,0,0
1344,23884.jpg,0,0,5,0,0,0,1,0,0,0,0,0,0,0,0,0,0,0
1345,23898.jpg,0,0,6,0,0,0,0,0,0,0,0,0,0,0,0,0,0,0
1346,23912.jpg,0,0,5,0,0,0,0,0,0,0,0,0,0,0,0,0,0,0
1347,23926.jpg,0,0,4,0,0,0,0,0,0,0,0,0,0,0,0,0,0,0
1348,23940.jpg,0,0,3,0,0,0,0,0,0,0,0,0,0,0,0,0,0,0
1349,23954.jpg,0,0,5,0,0,0,0,0,0,0,0,0,0,0,0,0,0,0
1350,23968.jpg,0,0,4,0,0,0,0,0,0,0,0,0,0,0,0,0,0,0
1351,23982.jpg,0,0,5,0,0,0,0,0,0,0,0,0,0,0,0,0,0,0
1352,23996.jpg,0,0,5,0,0,0,0,0,0,0,0,0,0,0,0,0,0,0
1353,24010.jpg,0,0,6,0,0,0,0,0,0,0,0,0,0,0,0,0,0,0
1354,24024.jpg,0,0,5,0,0,0,0,0,0,0,0,0,0,0,0,0,0,0
1355,24038.jpg,0,0,5,0,0,0,0,0,0,0,0,0,0,0,0,0,0,0
1356,24052.jpg,0,0,6,0,0,0,0,0,0,0,0,0,0,0,0,0,0,0
1357,24066.jpg,0,0,5,0,0,0,0,0,0,0,0,0,0,0,0,0,0,0
1358,24080.jpg,0,0,6,0,0,0,0,0,0,0,0,0,0,0,0,0,0,0
1359,24094.jpg,0,0,3,0,0,0,0,0,0,0,0,0,0,0,0,0,0,0
1360,24108.jpg,0,0,4,0,0,0,0,0,0,0,0,0,0,0,0,0,0,0
1361,24122.jpg,0,0,3,0,0,0,0,0,0,0,0,0,0,0,0,0,0,0
1362,24374.jpg,0,0,4,0,0,0,0,0,0,0,0,0,0,0,0,0,0,0
1363,24388.jpg,0,0,4,0,0,0,0,0,0,0,0,0,0,0,0,0,0,0
1364,24402.jpg,0,0,3,0,0,0,0,0,0,0,0,0,0,0,0,0,0,0
1365,24416.jpg,0,0,1,0,0,0,2,0,0,0,0,0,0,0,0,0,0,0
1366,24430.jpg,0,0,3,0,0,0,1,0,0,0,0,0,0,0,0,0,0,0
1367,24444.jpg,0,0,1,0,0,0,1,0,0,0,0,0,0,0,0,0,0,0
1368,24458.jpg,0,0,1,0,0,0,1,0,0,0,0,0,0,0,0,0,0,0
1369,24472.jpg,0,0,1,0,0,0,1,0,0,0,0,0,0,0,0,0,0,0
1370,24486.jpg,0,0,3,0,0,0,0,0,0,0,0,0,0,0,0,0,0,0
1371,24500.jpg,0,0,3,0,0,0,0,0,0,0,0,0,0,0,0,0,0,0
1372,24514.jpg,0,0,4,0,0,0,0,0,0,0,0,0,0,0,0,0,0,0
1373,24528.jpg,0,0,5,0,0,0,0,0,0,0,0,0,0,0,0,0,0,0
1374,24542.jpg,1,0,4,0,0,0,0,0,0,0,0,0,0,0,0,0,0,0
1375,24556.jpg,0,0,5,0,0,0,0,0,0,0,0,0,0,0,0,0,0,0
1376,24570.jpg,0,0,6,0,0,0,0,0,0,0,0,0,0,0,0,0,0,0
1377,24584.jpg,0,0,4,0,0,0,0,0,0,0,0,0,0,0,0,0,0,0
1378,24598.jpg,0,0,8,0,0,0,0,0,0,0,0,0,0,0,0,0,0,0
1379,24612.jpg,0,0,5,0,0,0,0,0,0,0,0,0,0,0,0,0,0,0
1380,24626.jpg,0,0,5,0,0,0,0,0,0,0,0,0,0,0,0,0,0,0
1381,24836.jpg,0,0,7,0,0,0,0,0,0,0,0,0,0,0,0,0,0,0
1382,24850.jpg,0,0,9,0,0,0,0,0,0,0,0,0,0,0,0,0,0,0
1383,24864.jpg,0,0,8,0,0,0,0,0,0,0,0,0,0,0,0,0,0,0
1384,24878.jpg,1,0,6,0,0,0,0,0,0,0,0,0,0,0,0,0,0,0
1385,24892.jpg,0,0,5,0,0,0,0,0,0,0,0,0,0,0,0,0,0,0
1386,24906.jpg,0,0,4,0,0,0,0,0,0,0,0,0,0,0,0,0,0,0
1387,24920.jpg,0,0,4,0,0,0,0,0,0,0,0,0,0,0,0,0,0,0
1388,24934.jpg,0,0,4,0,0,0,0,0,0,0,0,0,0,0,0,0,0,0
1389,24948.jpg,0,0,6,0,0,0,0,0,0,0,0,0,0,0,0,0,0,0
1390,24962.jpg,0,0,5,0,0,0,0,0,0,0,0,0,0,0,0,0,0,0
1391,24976.jpg,0,0,10,0,0,0,0,0,0,0,0,0,0,0,0,0,0,0
1392,24990.jpg,0,0,5,0,0,0,0,0,0,0,0,0,0,0,0,0,0,0
1393,25004.jpg,0,0,5,0,0,0,0,0,0,0,0,0,0,0,0,0,0,0
1394,25018.jpg,0,0,6,0,0,0,0,0,0,0,0,0,0,0,0,0,0,0
1395,25032.jpg,0,0,6,0,0,0,0,0,0,0,0,0,0,0,0,0,0,0
1396,25046.jpg,0,0,5,0,0,0,0,0,0,0,0,0,0,0,0,0,0,0
1397,25060.jpg,0,0,7,0,0,0,0,0,0,0,0,0,0,0,0,0,0,0
1398,25074.jpg,0,0,5,0,0,0,0,0,0,0,0,0,0,0,0,0,0,0
1399,25088.jpg,0,0,6,0,0,0,0,0,0,0,0,0,0,0,0,0,0,0
1400,25102.jpg,0,0,4,0,0,0,0,0,0,0,0,0,0,0,0,0,0,0
1401,25116.jpg,0,0,10,0,0,0,0,0,0,0,0,0,0,0,0,0,0,0
1402,25200.jpg,0,0,6,0,0,0,0,0,0,0,0,0,0,0,0,0,0,0
1403,25214.jpg,0,0,4,0,0,0,0,0,0,0,0,0,0,0,0,0,0,0
1404,25228.jpg,0,0,6,0,0,0,0,0,0,0,0,0,0,0,0,0,0,0
1405,25242.jpg,0,0,5,0,0,0,0,0,0,0,0,0,0,0,0,0,1,0
1406,25256.jpg,0,0,4,0,0,0,0,0,0,0,0,0,0,0,0,0,0,0
1407,25270.jpg,0,0,6,0,0,0,0,0,0,0,0,0,0,0,0,0,0,0
1408,25284.jpg,0,0,6,0,0,0,0,0,0,0,0,0,0,0,0,0,0,0
1409,25298.jpg,1,0,5,0,0,0,0,0,0,0,0,0,0,0,0,0,0,0
